"Data";"Template";"Treno";"OraP";"OraA";"Partenza";"Rit.";"Causale";"Nota partenza";"Arrivo";"Rit.";"Causale";"Nota arrivo";"Composizione";"Coincidenza";"Esito";"Causale soppressione";"Nota soppressione";"Verifica";"Chiusura"
"2023-01-01";"23-int";"7002";"2023-01-01 05:40:00";"2023-01-01 06:37:00";"Malles - Mals";"";"";"";"Meran/o (Var.)";"";"";"";"Doppia";"NP";"";"";"";"OK";"OK"
"2023-01-01";"23-int";"7004";"2023-01-01 06:16:00";"2023-01-01 07:16:00";"Malles - Mals";"";"";"";"Meran/o (Var.)";"";"";"";"Singola";"NP";"";"";"";"OK";"OK"
"2023-01-01";"23-int";"7003";"2023-01-01 06:52:00";"2023-01-01 07:54:00";"Meran/o (Var.)";"";"";"";"Malles - Mals";"";"";"";"Doppia";"NP";"";"";"";"OK";"OK"
"2023-01-01";"23-int";"7040";"2023-01-01 07:01:00";"2023-01-01 07:57:00";"Malles - Mals";"";"";"";"Meran/o (Var.)";"";"";"";"Doppia";"NP";"";"";"";"OK";"OK"
"2023-01-01";"23-int";"7006";"2023-01-01 07:20:00";"2023-01-01 08:25:00";"Malles - Mals";"";"";"";"Meran/o (Var.)";"";"";"";"Doppia";"NP";"";"";"";"OK";"OK"
"2023-01-01";"23-int";"7005";"2023-01-01 07:31:00";"2023-01-01 08:38:00";"Meran/o (Var.)";"";"";"";"Malles - Mals";"";"";"";"Doppia";"NP";"";"";"";"OK";"OK"
"2023-01-01";"23-int";"7041";"2023-01-01 08:02:00";"2023-01-01 08:55:00";"Meran/o (Var.)";"";"";"";"Malles - Mals";"";"";"";"Singola";"NP";"";"";"";"OK";"OK"
"2023-01-01";"23-int";"7008";"2023-01-01 08:20:00";"2023-01-01 09:25:00";"Malles - Mals";"";"";"";"Meran/o (Var.)";"";"";"";"Doppia";"NP";"";"";"";"OK";"OK"
"2023-01-01";"23-int";"7007";"2023-01-01 08:35:00";"2023-01-01 09:38:00";"Meran/o (Var.)";"";"";"";"Malles - Mals";"";"";"";"Doppia";"NP";"";"";"";"OK";"OK"
"2023-01-01";"23-int";"7042";"2023-01-01 09:03:00";"2023-01-01 09:57:00";"Malles - Mals";"";"";"";"Meran/o (Var.)";"";"";"";"Singola";"NP";"";"";"";"OK";"OK"
"2023-01-01";"23-int";"7010";"2023-01-01 09:20:00";"2023-01-01 10:25:00";"Malles - Mals";"";"";"";"Meran/o (Var.)";"";"";"";"Doppia";"NP";"";"";"";"OK";"OK"
"2023-01-01";"23-int";"7009";"2023-01-01 09:31:00";"2023-01-01 10:38:00";"Meran/o (Var.)";"";"";"";"Malles - Mals";"";"";"";"Doppia";"NP";"";"";"";"OK";"OK"
"2023-01-01";"23-int";"7043";"2023-01-01 10:02:00";"2023-01-01 10:55:00";"Meran/o (Var.)";"";"";"";"Malles - Mals";"";"";"";"Doppia";"NP";"";"";"";"OK";"OK"
"2023-01-01";"23-int";"7012";"2023-01-01 10:20:00";"2023-01-01 11:25:00";"Malles - Mals";"";"";"";"Meran/o (Var.)";"";"";"";"Doppia";"NP";"";"";"";"OK";"OK"
"2023-01-01";"23-int";"7011";"2023-01-01 10:35:00";"2023-01-01 11:38:00";"Meran/o (Var.)";"";"";"";"Malles - Mals";"";"";"";"Singola";"NP";"";"";"";"OK";"OK"
"2023-01-01";"23-int";"7044";"2023-01-01 11:03:00";"2023-01-01 11:57:00";"Malles - Mals";"";"";"";"Meran/o (Var.)";"";"";"";"Doppia";"NP";"";"";"";"OK";"OK"
"2023-01-01";"23-int";"7014";"2023-01-01 11:20:00";"2023-01-01 12:25:00";"Malles - Mals";"";"";"";"Meran/o (Var.)";"";"";"";"Doppia";"NP";"";"";"";"OK";"OK"
"2023-01-01";"23-int";"7013";"2023-01-01 11:31:00";"2023-01-01 12:38:00";"Meran/o (Var.)";"";"";"";"Malles - Mals";"";"";"";"Doppia";"NP";"";"";"";"OK";"OK"
"2023-01-01";"23-int";"7045";"2023-01-01 12:02:00";"2023-01-01 12:55:00";"Meran/o (Var.)";"";"";"";"Malles - Mals";"";"";"";"Doppia";"NP";"";"";"";"OK";"OK"
"2023-01-01";"23-int";"7016";"2023-01-01 12:20:00";"2023-01-01 13:25:00";"Malles - Mals";"";"";"";"Meran/o (Var.)";"";"";"";"Singola";"NP";"";"";"";"OK";"OK"
"2023-01-01";"23-int";"7015";"2023-01-01 12:35:00";"2023-01-01 13:38:00";"Meran/o (Var.)";"";"";"";"Malles - Mals";"";"";"";"Doppia";"NP";"";"";"";"OK";"OK"
"2023-01-01";"23-int";"7046";"2023-01-01 13:03:00";"2023-01-01 13:57:00";"Malles - Mals";"";"";"";"Meran/o (Var.)";"";"";"";"Doppia";"NP";"";"";"";"OK";"OK"
"2023-01-01";"23-int";"7018";"2023-01-01 13:20:00";"2023-01-01 14:25:00";"Malles - Mals";"";"";"";"Meran/o (Var.)";"";"";"";"Doppia";"NP";"";"";"";"OK";"OK"
"2023-01-01";"23-int";"7017";"2023-01-01 13:31:00";"2023-01-01 14:38:00";"Meran/o (Var.)";"";"";"";"Malles - Mals";"";"";"";"Doppia";"NP";"";"";"";"OK";"OK"
"2023-01-01";"23-int";"7047";"2023-01-01 14:02:00";"2023-01-01 14:55:00";"Meran/o (Var.)";"";"";"";"Malles - Mals";"";"";"";"Singola";"NP";"";"";"";"OK";"OK"
"2023-01-01";"23-int";"7020";"2023-01-01 14:20:00";"2023-01-01 15:25:00";"Malles - Mals";"";"";"";"Meran/o (Var.)";"";"";"";"Doppia";"NP";"";"";"";"OK";"OK"
"2023-01-01";"23-int";"7019";"2023-01-01 14:35:00";"2023-01-01 15:38:00";"Meran/o (Var.)";"";"";"";"Malles - Mals";"";"";"";"Doppia";"NP";"";"";"";"OK";"OK"
"2023-01-01";"23-int";"7048";"2023-01-01 15:03:00";"2023-01-01 15:57:00";"Malles - Mals";"";"";"";"Meran/o (Var.)";"";"";"";"Singola";"NP";"";"";"";"OK";"OK"
"2023-01-01";"23-int";"7022";"2023-01-01 15:20:00";"2023-01-01 16:25:00";"Malles - Mals";"";"";"";"Meran/o (Var.)";"";"";"";"Doppia";"NP";"";"";"";"OK";"OK"
"2023-01-01";"23-int";"7021";"2023-01-01 15:31:00";"2023-01-01 16:38:00";"Meran/o (Var.)";"";"";"";"Malles - Mals";"";"";"";"Doppia";"NP";"";"";"";"OK";"OK"
"2023-01-01";"23-int";"7049";"2023-01-01 16:02:00";"2023-01-01 16:55:00";"Meran/o (Var.)";"";"";"";"Malles - Mals";"";"";"";"Doppia";"NP";"";"";"";"OK";"OK"
"2023-01-01";"23-int";"7024";"2023-01-01 16:20:00";"2023-01-01 17:25:00";"Malles - Mals";"";"";"";"Meran/o (Var.)";"";"";"";"Doppia";"NP";"";"";"";"OK";"OK"
"2023-01-01";"23-int";"7023";"2023-01-01 16:35:00";"2023-01-01 17:38:00";"Meran/o (Var.)";"";"";"";"Malles - Mals";"";"";"";"Singola";"NP";"";"";"";"OK";"OK"
"2023-01-01";"23-int";"7050";"2023-01-01 17:03:00";"2023-01-01 17:57:00";"Malles - Mals";"";"";"";"Meran/o (Var.)";"";"";"";"Doppia";"NP";"";"";"";"OK";"OK"
"2023-01-01";"23-int";"7026";"2023-01-01 17:20:00";"2023-01-01 18:25:00";"Malles - Mals";"";"";"";"Meran/o (Var.)";"";"";"";"Doppia";"NP";"";"";"";"OK";"OK"
"2023-01-01";"23-int";"7025";"2023-01-01 17:31:00";"2023-01-01 18:38:00";"Meran/o (Var.)";"";"";"";"Malles - Mals";"";"";"";"Doppia";"NP";"";"";"";"OK";"OK"
"2023-01-01";"23-int";"7051";"2023-01-01 18:02:00";"2023-01-01 18:55:00";"Meran/o (Var.)";"";"";"";"Malles - Mals";"";"";"";"Doppia";"NP";"";"";"";"OK";"OK"
"2023-01-01";"23-int";"7028";"2023-01-01 18:20:00";"2023-01-01 19:25:00";"Malles - Mals";"";"";"";"Meran/o (Var.)";"";"";"";"Singola";"NP";"";"";"";"OK";"OK"
"2023-01-01";"23-int";"7027";"2023-01-01 18:35:00";"2023-01-01 19:38:00";"Meran/o (Var.)";"";"";"";"Malles - Mals";"";"";"";"Doppia";"NP";"";"";"";"OK";"OK"
"2023-01-01";"23-int";"7052";"2023-01-01 19:03:00";"2023-01-01 19:57:00";"Malles - Mals";"";"";"";"Meran/o (Var.)";"";"";"";"Doppia";"NP";"";"";"";"OK";"OK"
"2023-01-01";"23-int";"7030";"2023-01-01 19:20:00";"2023-01-01 20:25:00";"Malles - Mals";"";"";"";"Meran/o (Var.)";"";"";"";"Singola";"NP";"";"";"";"OK";"OK"
"2023-01-01";"23-int";"7029";"2023-01-01 19:31:00";"2023-01-01 20:38:00";"Meran/o (Var.)";"";"";"";"Malles - Mals";"";"";"";"Doppia";"NP";"";"";"";"OK";"OK"
"2023-01-01";"23-int";"7031";"2023-01-01 20:00:00";"2023-01-01 20:55:00";"Meran/o (Var.)";"";"";"";"Malles - Mals";"";"";"";"Singola";"NP";"";"";"";"OK";"OK"
"2023-01-01";"23-int";"7032";"2023-01-01 20:20:00";"2023-01-01 21:25:00";"Malles - Mals";"";"";"";"Meran/o (Var.)";"";"";"";"Doppia";"NP";"";"";"";"OK";"OK"
"2023-01-01";"23-int";"7033";"2023-01-01 21:00:00";"2023-01-01 21:55:00";"Meran/o (Var.)";"";"";"";"Malles - Mals";"";"";"";"Singola";"NP";"";"";"";"OK";"OK"
"2023-01-01";"23-int";"7034";"2023-01-01 21:20:00";"2023-01-01 22:25:00";"Malles - Mals";"";"";"";"Meran/o (Var.)";"";"";"";"Singola";"NP";"";"";"";"OK";"OK"
"2023-01-01";"23-int";"7035";"2023-01-01 22:00:00";"2023-01-01 22:55:00";"Meran/o (Var.)";"";"";"";"Malles - Mals";"";"";"";"Singola";"NP";"";"";"";"OK";"OK"
"2023-01-01";"23-int";"7037";"2023-01-01 23:00:00";"2023-01-01 23:55:00";"Meran/o (Var.)";"";"";"";"Malles - Mals";"";"";"";"Singola";"NP";"";"";"";"OK";"OK"
"2023-01-02";"23-int";"7000";"2023-01-02 05:18:00";"2023-01-02 06:12:00";"Malles - Mals";"";"";"";"Meran/o (Var.)";"";"";"";"Singola";"NP";"";"";"";"OK";"OK"
"2023-01-02";"23-int";"7002";"2023-01-02 05:40:00";"2023-01-02 06:37:00";"Malles - Mals";"";"";"";"Meran/o (Var.)";"";"";"";"Doppia";"NP";"";"";"";"OK";"OK"
"2023-01-02";"23-int";"7001";"2023-01-02 05:48:00";"2023-01-02 06:53:00";"Meran/o (Var.)";"";"";"";"Malles - Mals";"";"";"";"Doppia";"NP";"";"";"";"OK";"OK"
"2023-01-02";"23-int";"7004";"2023-01-02 06:16:00";"2023-01-02 07:16:00";"Malles - Mals";"";"";"";"Meran/o (Var.)";"";"";"";"Doppia";"NP";"";"";"";"OK";"OK"
"2023-01-02";"23-int";"7003";"2023-01-02 06:52:00";"2023-01-02 07:54:00";"Meran/o (Var.)";"";"";"";"Malles - Mals";"";"";"";"Doppia";"NP";"";"";"";"OK";"OK"
"2023-01-02";"23-int";"7040";"2023-01-02 07:01:00";"2023-01-02 07:57:00";"Malles - Mals";"";"";"";"Meran/o (Var.)";"";"";"";"Doppia";"NP";"";"";"";"OK";"OK"
"2023-01-02";"23-int";"7006";"2023-01-02 07:20:00";"2023-01-02 08:25:00";"Malles - Mals";"";"";"";"Meran/o (Var.)";"";"";"";"Singola";"NP";"";"";"";"OK";"OK"
"2023-01-02";"23-int";"7005";"2023-01-02 07:31:00";"2023-01-02 08:38:00";"Meran/o (Var.)";"";"";"";"Malles - Mals";"";"";"";"Doppia";"NP";"";"";"";"OK";"OK"
"2023-01-02";"23-int";"7041";"2023-01-02 08:02:00";"2023-01-02 08:55:00";"Meran/o (Var.)";"";"";"";"Malles - Mals";"";"";"";"Singola";"NP";"";"";"";"OK";"OK"
"2023-01-02";"23-int";"7008";"2023-01-02 08:20:00";"2023-01-02 09:25:00";"Malles - Mals";"";"";"";"Meran/o (Var.)";"";"";"";"Doppia";"NP";"";"";"";"OK";"OK"
"2023-01-02";"23-int";"7007";"2023-01-02 08:35:00";"2023-01-02 09:38:00";"Meran/o (Var.)";"";"";"";"Malles - Mals";"";"";"";"Singola";"NP";"";"";"";"OK";"OK"
"2023-01-02";"23-int";"7042";"2023-01-02 09:03:00";"2023-01-02 09:57:00";"Malles - Mals";"";"";"";"Meran/o (Var.)";"";"";"";"Singola";"NP";"";"";"";"OK";"OK"
"2023-01-02";"23-int";"7010";"2023-01-02 09:20:00";"2023-01-02 10:25:00";"Malles - Mals";"";"";"";"Meran/o (Var.)";"";"";"";"Doppia";"NP";"";"";"";"OK";"OK"
"2023-01-02";"23-int";"7009";"2023-01-02 09:31:00";"2023-01-02 10:38:00";"Meran/o (Var.)";"";"";"";"Malles - Mals";"";"";"";"Doppia";"NP";"";"";"";"OK";"OK"
"2023-01-02";"23-int";"7043";"2023-01-02 10:02:00";"2023-01-02 10:55:00";"Meran/o (Var.)";"";"";"";"Malles - Mals";"";"";"";"Doppia";"NP";"";"";"";"OK";"OK"
"2023-01-02";"23-int";"7012";"2023-01-02 10:20:00";"2023-01-02 11:25:00";"Malles - Mals";"";"";"";"Meran/o (Var.)";"";"";"";"Singola";"NP";"";"";"";"OK";"OK"
"2023-01-02";"23-int";"7011";"2023-01-02 10:35:00";"2023-01-02 11:38:00";"Meran/o (Var.)";"";"";"";"Malles - Mals";"";"";"";"Doppia";"NP";"";"";"";"OK";"OK"
"2023-01-02";"23-int";"7044";"2023-01-02 11:03:00";"2023-01-02 11:57:00";"Malles - Mals";"";"";"";"Meran/o (Var.)";"";"";"";"Doppia";"NP";"";"";"";"OK";"OK"
"2023-01-02";"23-int";"7014";"2023-01-02 11:20:00";"2023-01-02 12:25:00";"Malles - Mals";"";"";"";"Meran/o (Var.)";"";"";"";"Doppia";"NP";"";"";"";"OK";"OK"
"2023-01-02";"23-int";"7013";"2023-01-02 11:31:00";"2023-01-02 12:38:00";"Meran/o (Var.)";"";"";"";"Malles - Mals";"";"";"";"Singola";"NP";"";"";"";"OK";"OK"
"2023-01-02";"23-int";"7045";"2023-01-02 12:02:00";"2023-01-02 12:55:00";"Meran/o (Var.)";"";"";"";"Malles - Mals";"";"";"";"Singola";"NP";"";"";"";"OK";"OK"
"2023-01-02";"23-int";"7016";"2023-01-02 12:20:00";"2023-01-02 13:25:00";"Malles - Mals";"";"";"";"Meran/o (Var.)";"";"";"";"Doppia";"NP";"";"";"";"OK";"OK"
"2023-01-02";"23-int";"7015";"2023-01-02 12:35:00";"2023-01-02 13:38:00";"Meran/o (Var.)";"";"";"";"Malles - Mals";"";"";"";"Doppia";"NP";"";"";"";"OK";"OK"
"2023-01-02";"23-int";"7046";"2023-01-02 13:03:00";"2023-01-02 13:57:00";"Malles - Mals";"";"";"";"Meran/o (Var.)";"";"";"";"Singola";"NP";"";"";"";"OK";"OK"
"2023-01-02";"23-int";"7018";"2023-01-02 13:20:00";"2023-01-02 14:25:00";"Malles - Mals";"";"";"";"Meran/o (Var.)";"";"";"";"Singola";"NP";"";"";"";"OK";"OK"
"2023-01-02";"23-int";"7017";"2023-01-02 13:31:00";"2023-01-02 14:38:00";"Meran/o (Var.)";"";"";"";"Malles - Mals";"";"";"";"Doppia";"NP";"";"";"";"OK";"OK"
"2023-01-02";"23-int";"7047";"2023-01-02 14:02:00";"2023-01-02 14:55:00";"Meran/o (Var.)";"";"";"";"Malles - Mals";"";"";"";"Doppia";"NP";"";"";"";"OK";"OK"
"2023-01-02";"23-int";"7020";"2023-01-02 14:20:00";"2023-01-02 15:25:00";"Malles - Mals";"";"";"";"Meran/o (Var.)";"";"";"";"Doppia";"NP";"";"";"";"OK";"OK"
"2023-01-02";"23-int";"7019";"2023-01-02 14:35:00";"2023-01-02 15:38:00";"Meran/o (Var.)";"";"";"";"Malles - Mals";"";"";"";"Singola";"NP";"";"";"";"OK";"OK"
"2023-01-02";"23-int";"7048";"2023-01-02 15:03:00";"2023-01-02 15:57:00";"Malles - Mals";"";"";"";"Meran/o (Var.)";"";"";"";"Doppia";"NP";"";"";"";"OK";"OK"
"2023-01-02";"23-int";"7022";"2023-01-02 15:20:00";"2023-01-02 16:25:00";"Malles - Mals";"";"";"";"Meran/o (Var.)";"";"";"";"Doppia";"NP";"";"";"";"OK";"OK"
"2023-01-02";"23-int";"7021";"2023-01-02 15:31:00";"2023-01-02 16:38:00";"Meran/o (Var.)";"";"";"";"Malles - Mals";"";"";"";"Doppia";"NP";"";"";"";"OK";"OK"
"2023-01-02";"23-int";"7049";"2023-01-02 16:02:00";"2023-01-02 16:55:00";"Meran/o (Var.)";"";"";"";"Malles - Mals";"";"";"";"Singola";"NP";"";"";"";"OK";"OK"
"2023-01-02";"23-int";"7024";"2023-01-02 16:20:00";"2023-01-02 17:25:00";"Malles - Mals";"";"";"";"Meran/o (Var.)";"";"";"";"Doppia";"NP";"";"";"";"OK";"OK"
"2023-01-02";"23-int";"7023";"2023-01-02 16:35:00";"2023-01-02 17:38:00";"Meran/o (Var.)";"";"";"";"Malles - Mals";"";"";"";"Doppia";"NP";"";"";"";"OK";"OK"
"2023-01-02";"23-int";"7050";"2023-01-02 17:03:00";"2023-01-02 17:57:00";"Malles - Mals";"";"";"";"Meran/o (Var.)";"";"";"";"Singola";"NP";"";"";"";"OK";"OK"
"2023-01-02";"23-int";"7026";"2023-01-02 17:20:00";"2023-01-02 18:25:00";"Malles - Mals";"";"";"";"Meran/o (Var.)";"";"";"";"Singola";"NP";"";"";"";"OK";"OK"
"2023-01-02";"23-int";"7025";"2023-01-02 17:31:00";"2023-01-02 18:38:00";"Meran/o (Var.)";"";"";"";"Malles - Mals";"";"";"";"Doppia";"NP";"";"";"";"OK";"OK"
"2023-01-02";"23-int";"7051";"2023-01-02 18:02:00";"2023-01-02 18:55:00";"Meran/o (Var.)";"";"";"";"Malles - Mals";"";"";"";"Doppia";"NP";"";"";"";"OK";"OK"
"2023-01-02";"23-int";"7028";"2023-01-02 18:20:00";"2023-01-02 19:25:00";"Malles - Mals";"";"";"";"Meran/o (Var.)";"";"";"";"Singola";"NP";"";"";"";"OK";"OK"
"2023-01-02";"23-int";"7027";"2023-01-02 18:35:00";"2023-01-02 19:38:00";"Meran/o (Var.)";"";"";"";"Malles - Mals";"";"";"";"Singola";"NP";"";"";"";"OK";"OK"
"2023-01-02";"23-int";"7052";"2023-01-02 19:03:00";"2023-01-02 19:57:00";"Malles - Mals";"";"";"";"Meran/o (Var.)";"";"";"";"Singola";"NP";"";"";"";"OK";"OK"
"2023-01-02";"23-int";"7030";"2023-01-02 19:20:00";"2023-01-02 20:25:00";"Malles - Mals";"";"";"";"Meran/o (Var.)";"";"";"";"Singola";"NP";"";"";"";"OK";"OK"
"2023-01-02";"23-int";"7029";"2023-01-02 19:31:00";"2023-01-02 20:38:00";"Meran/o (Var.)";"";"";"";"Malles - Mals";"";"";"";"Singola";"NP";"";"";"";"OK";"OK"
"2023-01-02";"23-int";"7031";"2023-01-02 20:00:00";"2023-01-02 20:55:00";"Meran/o (Var.)";"";"";"";"Malles - Mals";"";"";"";"Singola";"NP";"";"";"";"OK";"OK"
"2023-01-02";"23-int";"7032";"2023-01-02 20:20:00";"2023-01-02 21:25:00";"Malles - Mals";"";"";"";"Meran/o (Var.)";"";"";"";"Doppia";"NP";"";"";"";"OK";"OK"
"2023-01-02";"23-int";"7033";"2023-01-02 21:00:00";"2023-01-02 21:55:00";"Meran/o (Var.)";"";"";"";"Malles - Mals";"";"";"";"Singola";"NP";"";"";"";"OK";"OK"
"2023-01-02";"23-int";"7034";"2023-01-02 21:20:00";"2023-01-02 22:25:00";"Malles - Mals";"";"";"";"Meran/o (Var.)";"";"";"";"Singola";"NP";"";"";"";"OK";"OK"
"2023-01-02";"23-int";"7035";"2023-01-02 22:00:00";"2023-01-02 22:55:00";"Meran/o (Var.)";"";"";"";"Malles - Mals";"";"";"";"Singola";"NP";"";"";"";"OK";"OK"
"2023-01-02";"23-int";"7037";"2023-01-02 23:00:00";"2023-01-02 23:55:00";"Meran/o (Var.)";"";"";"";"Malles - Mals";"";"";"";"Singola";"NP";"";"";"";"OK";"OK"
"2023-01-03";"23-int";"7000";"2023-01-03 05:18:00";"2023-01-03 06:12:00";"Malles - Mals";"";"";"";"Meran/o (Var.)";"";"";"";"Singola";"NP";"";"";"";"OK";"OK"
"2023-01-03";"23-int";"7002";"2023-01-03 05:40:00";"2023-01-03 06:37:00";"Malles - Mals";"";"";"";"Meran/o (Var.)";"";"";"";"Doppia";"NP";"";"";"";"OK";"OK"
"2023-01-03";"23-int";"7001";"2023-01-03 05:48:00";"2023-01-03 06:53:00";"Meran/o (Var.)";"";"";"";"Malles - Mals";"";"";"";"Doppia";"NP";"";"";"";"OK";"OK"
"2023-01-03";"23-int";"7004";"2023-01-03 06:16:00";"2023-01-03 07:16:00";"Malles - Mals";"";"";"";"Meran/o (Var.)";"";"";"";"Doppia";"NP";"";"";"";"OK";"OK"
"2023-01-03";"23-int";"7003";"2023-01-03 06:52:00";"2023-01-03 07:54:00";"Meran/o (Var.)";"";"";"";"Malles - Mals";"";"";"";"Doppia";"NP";"";"";"";"OK";"OK"
"2023-01-03";"23-int";"7040";"2023-01-03 07:01:00";"2023-01-03 07:57:00";"Malles - Mals";"";"";"";"Meran/o (Var.)";"";"";"";"Doppia";"NP";"";"";"";"OK";"OK"
"2023-01-03";"23-int";"7006";"2023-01-03 07:20:00";"2023-01-03 08:25:00";"Malles - Mals";"";"";"";"Meran/o (Var.)";"";"";"";"Singola";"NP";"";"";"";"OK";"OK"
"2023-01-03";"23-int";"7005";"2023-01-03 07:31:00";"2023-01-03 08:38:00";"Meran/o (Var.)";"";"";"";"Malles - Mals";"";"";"";"Doppia";"NP";"";"";"";"OK";"OK"
"2023-01-03";"23-int";"7041";"2023-01-03 08:02:00";"2023-01-03 08:55:00";"Meran/o (Var.)";"";"";"";"Malles - Mals";"";"";"";"Singola";"NP";"";"";"";"OK";"OK"
"2023-01-03";"23-int";"7008";"2023-01-03 08:20:00";"2023-01-03 09:25:00";"Malles - Mals";"";"";"";"Meran/o (Var.)";"";"";"";"Doppia";"NP";"";"";"";"OK";"OK"
"2023-01-03";"23-int";"7007";"2023-01-03 08:35:00";"2023-01-03 09:38:00";"Meran/o (Var.)";"";"";"";"Malles - Mals";"";"";"";"Singola";"NP";"";"";"";"OK";"OK"
"2023-01-03";"23-int";"7042";"2023-01-03 09:03:00";"2023-01-03 09:57:00";"Malles - Mals";"";"";"";"Meran/o (Var.)";"";"";"";"Singola";"NP";"";"";"";"OK";"OK"
"2023-01-03";"23-int";"7010";"2023-01-03 09:20:00";"2023-01-03 10:25:00";"Malles - Mals";"";"";"";"Meran/o (Var.)";"";"";"";"Doppia";"NP";"";"";"";"OK";"OK"
"2023-01-03";"23-int";"7009";"2023-01-03 09:31:00";"2023-01-03 10:38:00";"Meran/o (Var.)";"";"";"";"Malles - Mals";"";"";"";"Doppia";"NP";"";"";"";"OK";"OK"
"2023-01-03";"23-int";"7043";"2023-01-03 10:02:00";"2023-01-03 10:55:00";"Meran/o (Var.)";"";"";"";"Malles - Mals";"";"";"";"Doppia";"NP";"";"";"";"OK";"OK"
"2023-01-03";"23-int";"7012";"2023-01-03 10:20:00";"2023-01-03 11:25:00";"Malles - Mals";"";"";"";"Meran/o (Var.)";"";"";"";"Singola";"NP";"";"";"";"OK";"OK"
"2023-01-03";"23-int";"7011";"2023-01-03 10:35:00";"2023-01-03 11:38:00";"Meran/o (Var.)";"";"";"";"Malles - Mals";"4";"Personale (IF)";"+4 SPO (x)7014";"Doppia";"NP";"";"";"";"OK";"OK"
"2023-01-03";"23-int";"7044";"2023-01-03 11:03:00";"2023-01-03 11:57:00";"Malles - Mals";"";"";"";"Meran/o (Var.)";"";"";"";"Doppia";"NP";"";"";"";"OK";"OK"
"2023-01-03";"23-int";"7014";"2023-01-03 11:20:00";"2023-01-03 12:25:00";"Malles - Mals";"5";"Personale (IF)";"+5 NECESSITà FISIOLOGICHE PdM ATTO PARTENZA";"Meran/o (Var.)";"";"";"";"Doppia";"NP";"";"";"";"OK";"OK"
"2023-01-03";"23-int";"7013";"2023-01-03 11:31:00";"2023-01-03 12:38:00";"Meran/o (Var.)";"";"";"";"Malles - Mals";"";"";"";"Singola";"NP";"";"";"";"OK";"OK"
"2023-01-03";"23-int";"7045";"2023-01-03 12:02:00";"2023-01-03 12:55:00";"Meran/o (Var.)";"";"";"";"Malles - Mals";"";"";"";"Singola";"NP";"";"";"";"OK";"OK"
"2023-01-03";"23-int";"7016";"2023-01-03 12:20:00";"2023-01-03 13:25:00";"Malles - Mals";"";"";"";"Meran/o (Var.)";"";"";"";"Doppia";"NP";"";"";"";"OK";"OK"
"2023-01-03";"23-int";"7015";"2023-01-03 12:35:00";"2023-01-03 13:38:00";"Meran/o (Var.)";"";"";"";"Malles - Mals";"";"";"";"Doppia";"NP";"";"";"";"OK";"OK"
"2023-01-03";"23-int";"7046";"2023-01-03 13:03:00";"2023-01-03 13:57:00";"Malles - Mals";"";"";"";"Meran/o (Var.)";"";"";"";"Singola";"NP";"";"";"";"OK";"OK"
"2023-01-03";"23-int";"7018";"2023-01-03 13:20:00";"2023-01-03 14:25:00";"Malles - Mals";"";"";"";"Meran/o (Var.)";"";"";"";"Singola";"NP";"";"";"";"OK";"OK"
"2023-01-03";"23-int";"7017";"2023-01-03 13:31:00";"2023-01-03 14:38:00";"Meran/o (Var.)";"";"";"";"Malles - Mals";"";"";"";"Doppia";"NP";"";"";"";"OK";"OK"
"2023-01-03";"23-int";"7047";"2023-01-03 14:02:00";"2023-01-03 14:55:00";"Meran/o (Var.)";"";"";"";"Malles - Mals";"";"";"";"Doppia";"NP";"";"";"";"OK";"OK"
"2023-01-03";"23-int";"7020";"2023-01-03 14:20:00";"2023-01-03 15:25:00";"Malles - Mals";"";"";"";"Meran/o (Var.)";"";"";"";"Doppia";"NP";"";"";"";"OK";"OK"
"2023-01-03";"23-int";"7019";"2023-01-03 14:35:00";"2023-01-03 15:38:00";"Meran/o (Var.)";"";"";"";"Malles - Mals";"";"";"";"Singola";"NP";"";"";"";"OK";"OK"
"2023-01-03";"23-int";"7048";"2023-01-03 15:03:00";"2023-01-03 15:57:00";"Malles - Mals";"";"";"";"Meran/o (Var.)";"";"";"";"Doppia";"NP";"";"";"";"OK";"OK"
"2023-01-03";"23-int";"7022";"2023-01-03 15:20:00";"2023-01-03 16:25:00";"Malles - Mals";"";"";"";"Meran/o (Var.)";"";"";"";"Doppia";"NP";"";"";"";"OK";"OK"
"2023-01-03";"23-int";"7021";"2023-01-03 15:31:00";"2023-01-03 16:38:00";"Meran/o (Var.)";"";"";"";"Malles - Mals";"";"";"";"Doppia";"NP";"";"";"";"OK";"OK"
"2023-01-03";"23-int";"7049";"2023-01-03 16:02:00";"2023-01-03 16:55:00";"Meran/o (Var.)";"";"";"";"Malles - Mals";"";"";"";"Singola";"NP";"";"";"";"OK";"OK"
"2023-01-03";"23-int";"7024";"2023-01-03 16:20:00";"2023-01-03 17:25:00";"Malles - Mals";"";"";"";"Meran/o (Var.)";"";"";"";"Doppia";"NP";"";"";"";"OK";"OK"
"2023-01-03";"23-int";"7023";"2023-01-03 16:35:00";"2023-01-03 17:38:00";"Meran/o (Var.)";"";"";"";"Malles - Mals";"";"";"";"Doppia";"NP";"";"";"";"OK";"OK"
"2023-01-03";"23-int";"7050";"2023-01-03 17:03:00";"2023-01-03 17:57:00";"Malles - Mals";"";"";"";"Meran/o (Var.)";"";"";"";"Singola";"NP";"";"";"";"OK";"OK"
"2023-01-03";"23-int";"7026";"2023-01-03 17:20:00";"2023-01-03 18:25:00";"Malles - Mals";"";"";"";"Meran/o (Var.)";"";"";"";"Singola";"NP";"";"";"";"OK";"OK"
"2023-01-03";"23-int";"7025";"2023-01-03 17:31:00";"2023-01-03 18:38:00";"Meran/o (Var.)";"";"";"";"Malles - Mals";"";"";"";"Doppia";"NP";"";"";"";"OK";"OK"
"2023-01-03";"23-int";"7051";"2023-01-03 18:02:00";"2023-01-03 18:55:00";"Meran/o (Var.)";"";"";"";"Malles - Mals";"";"";"";"Doppia";"NP";"";"";"";"OK";"OK"
"2023-01-03";"23-int";"7028";"2023-01-03 18:20:00";"2023-01-03 19:25:00";"Malles - Mals";"";"";"";"Meran/o (Var.)";"";"";"";"Singola";"NP";"";"";"";"OK";"OK"
"2023-01-03";"23-int";"7027";"2023-01-03 18:35:00";"2023-01-03 19:38:00";"Meran/o (Var.)";"";"";"";"Malles - Mals";"";"";"";"Singola";"NP";"";"";"";"OK";"OK"
"2023-01-03";"23-int";"7052";"2023-01-03 19:03:00";"2023-01-03 19:57:00";"Malles - Mals";"";"";"";"Meran/o (Var.)";"";"";"";"Singola";"NP";"";"";"";"OK";"OK"
"2023-01-03";"23-int";"7030";"2023-01-03 19:20:00";"2023-01-03 20:25:00";"Malles - Mals";"";"";"";"Meran/o (Var.)";"";"";"";"Singola";"NP";"";"";"";"OK";"OK"
"2023-01-03";"23-int";"7029";"2023-01-03 19:31:00";"2023-01-03 20:38:00";"Meran/o (Var.)";"";"";"";"Malles - Mals";"";"";"";"Singola";"NP";"";"";"";"OK";"OK"
"2023-01-03";"23-int";"7031";"2023-01-03 20:00:00";"2023-01-03 20:55:00";"Meran/o (Var.)";"";"";"";"Malles - Mals";"";"";"";"Singola";"NP";"";"";"";"OK";"OK"
"2023-01-03";"23-int";"7032";"2023-01-03 20:20:00";"2023-01-03 21:25:00";"Malles - Mals";"";"";"";"Meran/o (Var.)";"";"";"";"Doppia";"NP";"";"";"";"OK";"OK"
"2023-01-03";"23-int";"7033";"2023-01-03 21:00:00";"2023-01-03 21:55:00";"Meran/o (Var.)";"";"";"";"Malles - Mals";"";"";"";"Singola";"NP";"";"";"";"OK";"OK"
"2023-01-03";"23-int";"7034";"2023-01-03 21:20:00";"2023-01-03 22:25:00";"Malles - Mals";"";"";"";"Meran/o (Var.)";"";"";"";"Singola";"NP";"";"";"";"OK";"OK"
"2023-01-03";"23-int";"7035";"2023-01-03 22:00:00";"2023-01-03 22:55:00";"Meran/o (Var.)";"";"";"";"Malles - Mals";"";"";"";"Singola";"NP";"";"";"";"OK";"OK"
"2023-01-03";"23-int";"7037";"2023-01-03 23:00:00";"2023-01-03 23:55:00";"Meran/o (Var.)";"";"";"";"Malles - Mals";"";"";"";"Singola";"NP";"";"";"";"OK";"OK"
"2023-01-04";"23-int";"7000";"2023-01-04 05:18:00";"2023-01-04 06:12:00";"Malles - Mals";"";"";"";"Meran/o (Var.)";"";"";"";"Singola";"NP";"";"";"";"OK";"OK"
"2023-01-04";"23-int";"7002";"2023-01-04 05:40:00";"2023-01-04 06:37:00";"Malles - Mals";"";"";"";"Meran/o (Var.)";"";"";"";"Doppia";"NP";"";"";"";"OK";"OK"
"2023-01-04";"23-int";"7001";"2023-01-04 05:48:00";"2023-01-04 06:53:00";"Meran/o (Var.)";"";"";"";"Malles - Mals";"";"";"";"Doppia";"NP";"";"";"";"OK";"OK"
"2023-01-04";"23-int";"7004";"2023-01-04 06:16:00";"2023-01-04 07:16:00";"Malles - Mals";"";"";"";"Meran/o (Var.)";"";"";"";"Doppia";"NP";"";"";"";"OK";"OK"
"2023-01-04";"23-int";"7003";"2023-01-04 06:52:00";"2023-01-04 07:54:00";"Meran/o (Var.)";"";"";"";"Malles - Mals";"";"";"";"Doppia";"NP";"";"";"";"OK";"OK"
"2023-01-04";"23-int";"7040";"2023-01-04 07:01:00";"2023-01-04 07:57:00";"Malles - Mals";"";"";"";"Meran/o (Var.)";"";"";"";"Doppia";"NP";"";"";"";"OK";"OK"
"2023-01-04";"23-int";"7006";"2023-01-04 07:20:00";"2023-01-04 08:25:00";"Malles - Mals";"";"";"";"Meran/o (Var.)";"";"";"";"Singola";"NP";"";"";"";"OK";"OK"
"2023-01-04";"23-int";"7005";"2023-01-04 07:31:00";"2023-01-04 08:38:00";"Meran/o (Var.)";"";"";"";"Malles - Mals";"";"";"";"Doppia";"NP";"";"";"";"OK";"OK"
"2023-01-04";"23-int";"7041";"2023-01-04 08:02:00";"2023-01-04 08:55:00";"Meran/o (Var.)";"";"";"";"Malles - Mals";"";"";"";"Singola";"NP";"";"";"";"OK";"OK"
"2023-01-04";"23-int";"7008";"2023-01-04 08:20:00";"2023-01-04 09:25:00";"Malles - Mals";"";"";"";"Meran/o (Var.)";"";"";"";"Doppia";"NP";"";"";"";"OK";"OK"
"2023-01-04";"23-int";"7007";"2023-01-04 08:35:00";"2023-01-04 09:38:00";"Meran/o (Var.)";"";"";"";"Malles - Mals";"";"";"";"Singola";"NP";"";"";"";"OK";"OK"
"2023-01-04";"23-int";"7042";"2023-01-04 09:03:00";"2023-01-04 09:57:00";"Malles - Mals";"";"";"";"Meran/o (Var.)";"";"";"";"Singola";"NP";"";"";"";"OK";"OK"
"2023-01-04";"23-int";"7010";"2023-01-04 09:20:00";"2023-01-04 10:25:00";"Malles - Mals";"";"";"";"Meran/o (Var.)";"";"";"";"Doppia";"NP";"";"";"";"OK";"OK"
"2023-01-04";"23-int";"7009";"2023-01-04 09:31:00";"2023-01-04 10:38:00";"Meran/o (Var.)";"";"";"";"Malles - Mals";"";"";"";"Doppia";"NP";"";"";"";"OK";"OK"
"2023-01-04";"23-int";"7043";"2023-01-04 10:02:00";"2023-01-04 10:55:00";"Meran/o (Var.)";"";"";"";"Malles - Mals";"";"";"";"Doppia";"NP";"";"";"";"OK";"OK"
"2023-01-04";"23-int";"7012";"2023-01-04 10:20:00";"2023-01-04 11:25:00";"Malles - Mals";"";"";"";"Meran/o (Var.)";"";"";"";"Singola";"NP";"";"";"";"OK";"OK"
"2023-01-04";"23-int";"7011";"2023-01-04 10:35:00";"2023-01-04 11:38:00";"Meran/o (Var.)";"";"";"";"Malles - Mals";"";"";"";"Doppia";"NP";"";"";"";"OK";"OK"
"2023-01-04";"23-int";"7044";"2023-01-04 11:03:00";"2023-01-04 11:57:00";"Malles - Mals";"";"";"";"Meran/o (Var.)";"";"";"";"Doppia";"NP";"";"";"";"OK";"OK"
"2023-01-04";"23-int";"7014";"2023-01-04 11:20:00";"2023-01-04 12:25:00";"Malles - Mals";"";"";"";"Meran/o (Var.)";"";"";"";"Doppia";"NP";"";"";"";"OK";"OK"
"2023-01-04";"23-int";"7013";"2023-01-04 11:31:00";"2023-01-04 12:38:00";"Meran/o (Var.)";"";"";"";"Malles - Mals";"";"";"";"Singola";"NP";"";"";"";"OK";"OK"
"2023-01-04";"23-int";"7045";"2023-01-04 12:02:00";"2023-01-04 12:55:00";"Meran/o (Var.)";"";"";"";"Malles - Mals";"";"";"";"Singola";"NP";"";"";"";"OK";"OK"
"2023-01-04";"23-int";"7016";"2023-01-04 12:20:00";"2023-01-04 13:25:00";"Malles - Mals";"";"";"";"Meran/o (Var.)";"";"";"";"Doppia";"NP";"";"";"";"OK";"OK"
"2023-01-04";"23-int";"7015";"2023-01-04 12:35:00";"2023-01-04 13:38:00";"Meran/o (Var.)";"";"";"";"Malles - Mals";"";"";"";"Doppia";"NP";"";"";"";"OK";"OK"
"2023-01-04";"23-int";"7046";"2023-01-04 13:03:00";"2023-01-04 13:57:00";"Malles - Mals";"";"";"";"Meran/o (Var.)";"";"";"";"Singola";"NP";"";"";"";"OK";"OK"
"2023-01-04";"23-int";"7018";"2023-01-04 13:20:00";"2023-01-04 14:25:00";"Malles - Mals";"";"";"";"Meran/o (Var.)";"";"";"";"Singola";"NP";"";"";"";"OK";"OK"
"2023-01-04";"23-int";"7017";"2023-01-04 13:31:00";"2023-01-04 14:38:00";"Meran/o (Var.)";"";"";"";"Malles - Mals";"";"";"";"Doppia";"NP";"";"";"";"OK";"OK"
"2023-01-04";"23-int";"7047";"2023-01-04 14:02:00";"2023-01-04 14:55:00";"Meran/o (Var.)";"";"";"";"Malles - Mals";"";"";"";"Doppia";"NP";"";"";"";"OK";"OK"
"2023-01-04";"23-int";"7020";"2023-01-04 14:20:00";"2023-01-04 15:25:00";"Malles - Mals";"";"";"";"Meran/o (Var.)";"";"";"";"Doppia";"NP";"";"";"";"OK";"OK"
"2023-01-04";"23-int";"7019";"2023-01-04 14:35:00";"2023-01-04 15:38:00";"Meran/o (Var.)";"";"";"";"Malles - Mals";"";"";"";"Singola";"NP";"";"";"";"OK";"OK"
"2023-01-04";"23-int";"7048";"2023-01-04 15:03:00";"2023-01-04 15:57:00";"Malles - Mals";"";"";"";"Meran/o (Var.)";"";"";"";"Doppia";"NP";"";"";"";"OK";"OK"
"2023-01-04";"23-int";"7022";"2023-01-04 15:20:00";"2023-01-04 16:25:00";"Malles - Mals";"";"";"";"Meran/o (Var.)";"";"";"";"Doppia";"NP";"";"";"";"OK";"OK"
"2023-01-04";"23-int";"7021";"2023-01-04 15:31:00";"2023-01-04 16:38:00";"Meran/o (Var.)";"";"";"";"Malles - Mals";"";"";"";"Doppia";"NP";"";"";"";"OK";"OK"
"2023-01-04";"23-int";"7049";"2023-01-04 16:02:00";"2023-01-04 16:55:00";"Meran/o (Var.)";"";"";"";"Malles - Mals";"";"";"";"Singola";"NP";"";"";"";"OK";"OK"
"2023-01-04";"23-int";"7024";"2023-01-04 16:20:00";"2023-01-04 17:25:00";"Malles - Mals";"";"";"";"Meran/o (Var.)";"";"";"";"Doppia";"NP";"";"";"";"OK";"OK"
"2023-01-04";"23-int";"7023";"2023-01-04 16:35:00";"2023-01-04 17:38:00";"Meran/o (Var.)";"";"";"";"Malles - Mals";"";"";"";"Doppia";"NP";"";"";"";"OK";"OK"
"2023-01-04";"23-int";"7050";"2023-01-04 17:03:00";"2023-01-04 17:57:00";"Malles - Mals";"";"";"";"Meran/o (Var.)";"";"";"";"Singola";"NP";"";"";"";"OK";"OK"
"2023-01-04";"23-int";"7026";"2023-01-04 17:20:00";"2023-01-04 18:25:00";"Malles - Mals";"";"";"";"Meran/o (Var.)";"";"";"";"Singola";"NP";"";"";"";"OK";"OK"
"2023-01-04";"23-int";"7025";"2023-01-04 17:31:00";"2023-01-04 18:38:00";"Meran/o (Var.)";"";"";"";"Malles - Mals";"";"";"";"Doppia";"NP";"";"";"";"OK";"OK"
"2023-01-04";"23-int";"7051";"2023-01-04 18:02:00";"2023-01-04 18:55:00";"Meran/o (Var.)";"";"";"";"Malles - Mals";"";"";"";"Doppia";"NP";"";"";"";"OK";"OK"
"2023-01-04";"23-int";"7028";"2023-01-04 18:20:00";"2023-01-04 19:25:00";"Malles - Mals";"";"";"";"Meran/o (Var.)";"";"";"";"Singola";"NP";"";"";"";"OK";"OK"
"2023-01-04";"23-int";"7027";"2023-01-04 18:35:00";"2023-01-04 19:38:00";"Meran/o (Var.)";"";"";"";"Malles - Mals";"";"";"";"Singola";"NP";"";"";"";"OK";"OK"
"2023-01-04";"23-int";"7052";"2023-01-04 19:03:00";"2023-01-04 19:57:00";"Malles - Mals";"";"";"";"Meran/o (Var.)";"";"";"";"Singola";"NP";"";"";"";"OK";"OK"
"2023-01-04";"23-int";"7030";"2023-01-04 19:20:00";"2023-01-04 20:25:00";"Malles - Mals";"";"";"";"Meran/o (Var.)";"";"";"";"Singola";"NP";"";"";"";"OK";"OK"
"2023-01-04";"23-int";"7029";"2023-01-04 19:31:00";"2023-01-04 20:38:00";"Meran/o (Var.)";"";"";"";"Malles - Mals";"";"";"";"Singola";"NP";"";"";"";"OK";"OK"
"2023-01-04";"23-int";"7031";"2023-01-04 20:00:00";"2023-01-04 20:55:00";"Meran/o (Var.)";"";"";"";"Malles - Mals";"";"";"";"Singola";"NP";"";"";"";"OK";"OK"
"2023-01-04";"23-int";"7032";"2023-01-04 20:20:00";"2023-01-04 21:25:00";"Malles - Mals";"";"";"";"Meran/o (Var.)";"";"";"";"Doppia";"NP";"";"";"";"OK";"OK"
"2023-01-04";"23-int";"7033";"2023-01-04 21:00:00";"2023-01-04 21:55:00";"Meran/o (Var.)";"";"";"";"Malles - Mals";"";"";"";"Singola";"NP";"";"";"";"OK";"OK"
"2023-01-04";"23-int";"7034";"2023-01-04 21:20:00";"2023-01-04 22:25:00";"Malles - Mals";"";"";"";"Meran/o (Var.)";"";"";"";"Singola";"NP";"";"";"";"OK";"OK"
"2023-01-04";"23-int";"7035";"2023-01-04 22:00:00";"2023-01-04 22:55:00";"Meran/o (Var.)";"";"";"";"Malles - Mals";"";"";"";"Singola";"NP";"";"";"";"OK";"OK"
"2023-01-04";"23-int";"7037";"2023-01-04 23:00:00";"2023-01-04 23:55:00";"Meran/o (Var.)";"";"";"";"Malles - Mals";"";"";"";"Singola";"NP";"";"";"";"OK";"OK"
"2023-01-05";"23-int";"7000";"2023-01-05 05:18:00";"2023-01-05 06:12:00";"Malles - Mals";"";"";"";"Meran/o (Var.)";"";"";"";"Singola";"NP";"";"";"";"OK";"OK"
"2023-01-05";"23-int";"7002";"2023-01-05 05:40:00";"2023-01-05 06:37:00";"Malles - Mals";"";"";"";"Meran/o (Var.)";"";"";"";"Doppia";"NP";"";"";"";"OK";"OK"
"2023-01-05";"23-int";"7001";"2023-01-05 05:48:00";"2023-01-05 06:53:00";"Meran/o (Var.)";"";"";"";"Malles - Mals";"";"";"";"Doppia";"NP";"";"";"";"OK";"OK"
"2023-01-05";"23-int";"7004";"2023-01-05 06:16:00";"2023-01-05 07:16:00";"Malles - Mals";"";"";"";"Meran/o (Var.)";"";"";"";"Doppia";"NP";"";"";"";"OK";"OK"
"2023-01-05";"23-int";"7003";"2023-01-05 06:52:00";"2023-01-05 07:54:00";"Meran/o (Var.)";"";"";"";"Malles - Mals";"";"";"";"Doppia";"NP";"";"";"";"OK";"OK"
"2023-01-05";"23-int";"7040";"2023-01-05 07:01:00";"2023-01-05 07:57:00";"Malles - Mals";"";"";"";"Meran/o (Var.)";"";"";"";"Doppia";"NP";"";"";"";"OK";"OK"
"2023-01-05";"23-int";"7006";"2023-01-05 07:20:00";"2023-01-05 08:25:00";"Malles - Mals";"";"";"";"Meran/o (Var.)";"";"";"";"Singola";"NP";"";"";"";"OK";"OK"
"2023-01-05";"23-int";"7005";"2023-01-05 07:31:00";"2023-01-05 08:38:00";"Meran/o (Var.)";"";"";"";"Malles - Mals";"";"";"";"Doppia";"NP";"";"";"";"OK";"OK"
"2023-01-05";"23-int";"7041";"2023-01-05 08:02:00";"2023-01-05 08:55:00";"Meran/o (Var.)";"";"";"";"Malles - Mals";"";"";"";"Singola";"NP";"";"";"";"OK";"OK"
"2023-01-05";"23-int";"7008";"2023-01-05 08:20:00";"2023-01-05 09:25:00";"Malles - Mals";"";"";"";"Meran/o (Var.)";"";"";"";"Doppia";"NP";"";"";"";"OK";"OK"
"2023-01-05";"23-int";"7007";"2023-01-05 08:35:00";"2023-01-05 09:38:00";"Meran/o (Var.)";"";"";"";"Malles - Mals";"";"";"";"Singola";"NP";"";"";"";"OK";"OK"
"2023-01-05";"23-int";"7042";"2023-01-05 09:03:00";"2023-01-05 09:57:00";"Malles - Mals";"";"";"";"Meran/o (Var.)";"";"";"";"Singola";"NP";"";"";"";"OK";"OK"
"2023-01-05";"23-int";"7010";"2023-01-05 09:20:00";"2023-01-05 10:25:00";"Malles - Mals";"";"";"";"Meran/o (Var.)";"";"";"";"Doppia";"NP";"";"";"";"OK";"OK"
"2023-01-05";"23-int";"7009";"2023-01-05 09:31:00";"2023-01-05 10:38:00";"Meran/o (Var.)";"";"";"";"Malles - Mals";"";"";"";"Doppia";"NP";"";"";"";"OK";"OK"
"2023-01-05";"23-int";"7043";"2023-01-05 10:02:00";"2023-01-05 10:55:00";"Meran/o (Var.)";"";"";"";"Malles - Mals";"";"";"";"Doppia";"NP";"";"";"";"OK";"OK"
"2023-01-05";"23-int";"7012";"2023-01-05 10:20:00";"2023-01-05 11:25:00";"Malles - Mals";"";"";"";"Meran/o (Var.)";"";"";"";"Singola";"NP";"";"";"";"OK";"OK"
"2023-01-05";"23-int";"7011";"2023-01-05 10:35:00";"2023-01-05 11:38:00";"Meran/o (Var.)";"";"";"";"Malles - Mals";"";"";"";"Doppia";"NP";"";"";"";"OK";"OK"
"2023-01-05";"23-int";"7044";"2023-01-05 11:03:00";"2023-01-05 11:57:00";"Malles - Mals";"";"";"";"Meran/o (Var.)";"";"";"";"Doppia";"NP";"";"";"";"OK";"OK"
"2023-01-05";"23-int";"7014";"2023-01-05 11:20:00";"2023-01-05 12:25:00";"Malles - Mals";"";"";"";"Meran/o (Var.)";"";"";"";"Doppia";"NP";"";"";"";"OK";"OK"
"2023-01-05";"23-int";"7013";"2023-01-05 11:31:00";"2023-01-05 12:38:00";"Meran/o (Var.)";"";"";"";"Malles - Mals";"";"";"";"Singola";"NP";"";"";"";"OK";"OK"
"2023-01-05";"23-int";"7045";"2023-01-05 12:02:00";"2023-01-05 12:55:00";"Meran/o (Var.)";"";"";"";"Malles - Mals";"";"";"";"Singola";"NP";"";"";"";"OK";"OK"
"2023-01-05";"23-int";"7016";"2023-01-05 12:20:00";"2023-01-05 13:25:00";"Malles - Mals";"";"";"";"Meran/o (Var.)";"";"";"";"Doppia";"NP";"";"";"";"OK";"OK"
"2023-01-05";"23-int";"7015";"2023-01-05 12:35:00";"2023-01-05 13:38:00";"Meran/o (Var.)";"";"";"";"Malles - Mals";"";"";"";"Doppia";"NP";"";"";"";"OK";"OK"
"2023-01-05";"23-int";"7046";"2023-01-05 13:03:00";"2023-01-05 13:57:00";"Malles - Mals";"";"";"";"Meran/o (Var.)";"";"";"";"Singola";"NP";"";"";"";"OK";"OK"
"2023-01-05";"23-int";"7018";"2023-01-05 13:20:00";"2023-01-05 14:25:00";"Malles - Mals";"";"";"";"Meran/o (Var.)";"";"";"";"Singola";"NP";"";"";"";"OK";"OK"
"2023-01-05";"23-int";"7017";"2023-01-05 13:31:00";"2023-01-05 14:38:00";"Meran/o (Var.)";"";"";"";"Malles - Mals";"";"";"";"Doppia";"NP";"";"";"";"OK";"OK"
"2023-01-05";"23-int";"7047";"2023-01-05 14:02:00";"2023-01-05 14:55:00";"Meran/o (Var.)";"";"";"";"Malles - Mals";"";"";"";"Doppia";"NP";"";"";"";"OK";"OK"
"2023-01-05";"23-int";"7020";"2023-01-05 14:20:00";"2023-01-05 15:25:00";"Malles - Mals";"";"";"";"Meran/o (Var.)";"";"";"";"Doppia";"NP";"";"";"";"OK";"OK"
"2023-01-05";"23-int";"7019";"2023-01-05 14:35:00";"2023-01-05 15:38:00";"Meran/o (Var.)";"";"";"";"Malles - Mals";"";"";"";"Singola";"NP";"";"";"";"OK";"OK"
"2023-01-05";"23-int";"7048";"2023-01-05 15:03:00";"2023-01-05 15:57:00";"Malles - Mals";"";"";"";"Meran/o (Var.)";"";"";"";"Doppia";"NP";"";"";"";"OK";"OK"
"2023-01-05";"23-int";"7022";"2023-01-05 15:20:00";"2023-01-05 16:25:00";"Malles - Mals";"";"";"";"Meran/o (Var.)";"";"";"";"Doppia";"NP";"";"";"";"OK";"OK"
"2023-01-05";"23-int";"7021";"2023-01-05 15:31:00";"2023-01-05 16:38:00";"Meran/o (Var.)";"";"";"";"Malles - Mals";"";"";"";"Doppia";"NP";"";"";"";"OK";"OK"
"2023-01-05";"23-int";"7049";"2023-01-05 16:02:00";"2023-01-05 16:55:00";"Meran/o (Var.)";"";"";"";"Malles - Mals";"";"";"";"Singola";"NP";"";"";"";"OK";"OK"
"2023-01-05";"23-int";"7024";"2023-01-05 16:20:00";"2023-01-05 17:25:00";"Malles - Mals";"";"";"";"Meran/o (Var.)";"";"";"";"Doppia";"NP";"";"";"";"OK";"OK"
"2023-01-05";"23-int";"7023";"2023-01-05 16:35:00";"2023-01-05 17:38:00";"Meran/o (Var.)";"";"";"";"Malles - Mals";"";"";"";"Doppia";"NP";"";"";"";"OK";"OK"
"2023-01-05";"23-int";"7050";"2023-01-05 17:03:00";"2023-01-05 17:57:00";"Malles - Mals";"";"";"";"Meran/o (Var.)";"";"";"";"Singola";"NP";"";"";"";"OK";"OK"
"2023-01-05";"23-int";"7026";"2023-01-05 17:20:00";"2023-01-05 18:25:00";"Malles - Mals";"";"";"";"Meran/o (Var.)";"";"";"";"Singola";"NP";"";"";"";"OK";"OK"
"2023-01-05";"23-int";"7025";"2023-01-05 17:31:00";"2023-01-05 18:38:00";"Meran/o (Var.)";"";"";"";"Malles - Mals";"";"";"";"Doppia";"NP";"";"";"";"OK";"OK"
"2023-01-05";"23-int";"7051";"2023-01-05 18:02:00";"2023-01-05 18:55:00";"Meran/o (Var.)";"";"";"";"Malles - Mals";"";"";"";"Doppia";"NP";"";"";"";"OK";"OK"
"2023-01-05";"23-int";"7028";"2023-01-05 18:20:00";"2023-01-05 19:25:00";"Malles - Mals";"";"";"";"Meran/o (Var.)";"";"";"";"Singola";"NP";"";"";"";"OK";"OK"
"2023-01-05";"23-int";"7027";"2023-01-05 18:35:00";"2023-01-05 19:38:00";"Meran/o (Var.)";"";"";"";"Malles - Mals";"";"";"";"Singola";"NP";"";"";"";"OK";"OK"
"2023-01-05";"23-int";"7052";"2023-01-05 19:03:00";"2023-01-05 19:57:00";"Malles - Mals";"";"";"";"Meran/o (Var.)";"";"";"";"Singola";"NP";"";"";"";"OK";"OK"
"2023-01-05";"23-int";"7030";"2023-01-05 19:20:00";"2023-01-05 20:25:00";"Malles - Mals";"";"";"";"Meran/o (Var.)";"";"";"";"Singola";"NP";"";"";"";"OK";"OK"
"2023-01-05";"23-int";"7029";"2023-01-05 19:31:00";"2023-01-05 20:38:00";"Meran/o (Var.)";"";"";"";"Malles - Mals";"";"";"";"Singola";"NP";"";"";"";"OK";"OK"
"2023-01-05";"23-int";"7031";"2023-01-05 20:00:00";"2023-01-05 20:55:00";"Meran/o (Var.)";"";"";"";"Malles - Mals";"";"";"";"Singola";"NP";"";"";"";"OK";"OK"
"2023-01-05";"23-int";"7032";"2023-01-05 20:20:00";"2023-01-05 21:25:00";"Malles - Mals";"";"";"";"Meran/o (Var.)";"";"";"";"Doppia";"NP";"";"";"";"OK";"OK"
"2023-01-05";"23-int";"7033";"2023-01-05 21:00:00";"2023-01-05 21:55:00";"Meran/o (Var.)";"";"";"";"Malles - Mals";"";"";"";"Singola";"NP";"";"";"";"OK";"OK"
"2023-01-05";"23-int";"7034";"2023-01-05 21:20:00";"2023-01-05 22:25:00";"Malles - Mals";"";"";"";"Meran/o (Var.)";"";"";"";"Singola";"NP";"";"";"";"OK";"OK"
"2023-01-05";"23-int";"7035";"2023-01-05 22:00:00";"2023-01-05 22:55:00";"Meran/o (Var.)";"";"";"";"Malles - Mals";"";"";"";"Singola";"NP";"";"";"";"OK";"OK"
"2023-01-05";"23-int";"7037";"2023-01-05 23:00:00";"2023-01-05 23:55:00";"Meran/o (Var.)";"";"";"";"Malles - Mals";"";"";"";"Singola";"NP";"";"";"";"OK";"OK"
"2023-01-06";"23-int";"7002";"2023-01-06 05:40:00";"2023-01-06 06:37:00";"Malles - Mals";"";"";"";"Meran/o (Var.)";"10";"Guasto impianti di sicurezza";"+13 GUASTO BA LASA-SIL, M40DCO E CdBL356";"Doppia";"NP";"";"";"";"OK";"OK"
"2023-01-06";"23-int";"7004";"2023-01-06 06:16:00";"2023-01-06 07:16:00";"Malles - Mals";"";"";"";"Meran/o (Var.)";"7";"Guasto impianti di sicurezza";"+7 GUASTO BA LASA-SIL, M40DCO E CdBL356";"Singola";"NP";"";"";"";"OK";"OK"
"2023-01-06";"23-int";"7003";"2023-01-06 06:52:00";"2023-01-06 07:54:00";"Meran/o (Var.)";"";"";"";"Malles - Mals";"8";"Guasto impianti di sicurezza";"+5 STA (x)7004; +4 SIL (x)7040; +5 SIL ATTESA INTERVENTO TECNICO PER IL GUASTO BA LASA-SIL, M40DCO E CdBL356";"Doppia";"NP";"";"";"";"OK";"OK"
"2023-01-06";"23-int";"7040";"2023-01-06 07:01:00";"2023-01-06 07:57:00";"Malles - Mals";"";"";"";"Meran/o (Var.)";"6";"Guasto impianti di sicurezza";"+6 LASA ATTESA INTERVENTO TECNICO RISPETTO GUASTO BA LASA-SIL, M40DCO E CdBL356";"Doppia";"NP";"";"";"";"OK";"OK"
"2023-01-06";"23-int";"7006";"2023-01-06 07:20:00";"2023-01-06 08:25:00";"Malles - Mals";"";"";"";"Meran/o (Var.)";"3";"Guasto impianti di sicurezza";"+6 LASA (x)7003; ";"Doppia";"NP";"";"";"";"OK";"OK"
"2023-01-06";"23-int";"7005";"2023-01-06 07:31:00";"2023-01-06 08:38:00";"Meran/o (Var.)";"";"";"";"Malles - Mals";"2";"Guasto impianti di sicurezza";"+7 STA (x)7040;";"Doppia";"NP";"";"";"";"OK";"OK"
"2023-01-06";"23-int";"7041";"2023-01-06 08:02:00";"2023-01-06 08:55:00";"Meran/o (Var.)";"2";"Guasto impianti di sicurezza";"+2 TEL (x)7040;";"Malles - Mals";"4";"Guasto impianti di sicurezza";"+5 STA (x)7006";"Singola";"NP";"";"";"";"OK";"OK"
"2023-01-06";"23-int";"7008";"2023-01-06 08:20:00";"2023-01-06 09:25:00";"Malles - Mals";"";"";"";"Meran/o (Var.)";"";"Guasto impianti di sicurezza";"+2 SPO (x)7005; +5 LASA (x)7041";"Doppia";"NP";"";"";"";"OK";"OK"
"2023-01-06";"23-int";"7007";"2023-01-06 08:35:00";"2023-01-06 09:38:00";"Meran/o (Var.)";"";"";"";"Malles - Mals";"";"Guasto impianti di sicurezza";"+2 LAC (x)7008";"Doppia";"NP";"";"";"";"OK";"OK"
"2023-01-06";"23-int";"7042";"2023-01-06 09:03:00";"2023-01-06 09:57:00";"Malles - Mals";"";"";"";"Meran/o (Var.)";"";"";"";"Singola";"NP";"";"";"";"OK";"OK"
"2023-01-06";"23-int";"7010";"2023-01-06 09:20:00";"2023-01-06 10:25:00";"Malles - Mals";"";"";"";"Meran/o (Var.)";"";"";"";"Doppia";"NP";"";"";"";"OK";"OK"
"2023-01-06";"23-int";"7009";"2023-01-06 09:31:00";"2023-01-06 10:38:00";"Meran/o (Var.)";"";"";"";"Malles - Mals";"";"";"";"Doppia";"NP";"";"";"";"OK";"OK"
"2023-01-06";"23-int";"7043";"2023-01-06 10:02:00";"2023-01-06 10:55:00";"Meran/o (Var.)";"";"";"";"Malles - Mals";"";"";"";"Doppia";"NP";"";"";"";"OK";"OK"
"2023-01-06";"23-int";"7012";"2023-01-06 10:20:00";"2023-01-06 11:25:00";"Malles - Mals";"";"";"";"Meran/o (Var.)";"";"";"";"Doppia";"NP";"";"";"";"OK";"OK"
"2023-01-06";"23-int";"7011";"2023-01-06 10:35:00";"2023-01-06 11:38:00";"Meran/o (Var.)";"";"";"";"Malles - Mals";"";"";"";"Singola";"NP";"";"";"";"OK";"OK"
"2023-01-06";"23-int";"7044";"2023-01-06 11:03:00";"2023-01-06 11:57:00";"Malles - Mals";"";"";"";"Meran/o (Var.)";"";"";"";"Doppia";"NP";"";"";"";"OK";"OK"
"2023-01-06";"23-int";"7014";"2023-01-06 11:20:00";"2023-01-06 12:25:00";"Malles - Mals";"";"";"";"Meran/o (Var.)";"";"";"";"Doppia";"NP";"";"";"";"OK";"OK"
"2023-01-06";"23-int";"7013";"2023-01-06 11:31:00";"2023-01-06 12:38:00";"Meran/o (Var.)";"";"";"";"Malles - Mals";"";"";"";"Doppia";"NP";"";"";"";"OK";"OK"
"2023-01-06";"23-int";"7045";"2023-01-06 12:02:00";"2023-01-06 12:55:00";"Meran/o (Var.)";"";"";"";"Malles - Mals";"";"";"";"Doppia";"NP";"";"";"";"OK";"OK"
"2023-01-06";"23-int";"7016";"2023-01-06 12:20:00";"2023-01-06 13:25:00";"Malles - Mals";"";"";"";"Meran/o (Var.)";"";"";"";"Singola";"NP";"";"";"";"OK";"OK"
"2023-01-06";"23-int";"7015";"2023-01-06 12:35:00";"2023-01-06 13:38:00";"Meran/o (Var.)";"";"";"";"Malles - Mals";"";"";"";"Doppia";"NP";"";"";"";"OK";"OK"
"2023-01-06";"23-int";"7046";"2023-01-06 13:03:00";"2023-01-06 13:57:00";"Malles - Mals";"";"";"";"Meran/o (Var.)";"";"";"";"Doppia";"NP";"";"";"";"OK";"OK"
"2023-01-06";"23-int";"7018";"2023-01-06 13:20:00";"2023-01-06 14:25:00";"Malles - Mals";"";"";"";"Meran/o (Var.)";"";"";"";"Doppia";"NP";"";"";"";"OK";"OK"
"2023-01-06";"23-int";"7017";"2023-01-06 13:31:00";"2023-01-06 14:38:00";"Meran/o (Var.)";"";"";"";"Malles - Mals";"";"";"";"Doppia";"NP";"";"";"";"OK";"OK"
"2023-01-06";"23-int";"7047";"2023-01-06 14:02:00";"2023-01-06 14:55:00";"Meran/o (Var.)";"";"";"";"Malles - Mals";"";"";"";"Singola";"NP";"";"";"";"OK";"OK"
"2023-01-06";"23-int";"7020";"2023-01-06 14:20:00";"2023-01-06 15:25:00";"Malles - Mals";"";"";"";"Meran/o (Var.)";"";"";"";"Doppia";"NP";"";"";"";"OK";"OK"
"2023-01-06";"23-int";"7019";"2023-01-06 14:35:00";"2023-01-06 15:38:00";"Meran/o (Var.)";"";"";"";"Malles - Mals";"";"";"";"Doppia";"NP";"";"";"";"OK";"OK"
"2023-01-06";"23-int";"7048";"2023-01-06 15:03:00";"2023-01-06 15:57:00";"Malles - Mals";"";"";"";"Meran/o (Var.)";"";"";"";"Singola";"NP";"";"";"";"OK";"OK"
"2023-01-06";"23-int";"7022";"2023-01-06 15:20:00";"2023-01-06 16:25:00";"Malles - Mals";"";"";"";"Meran/o (Var.)";"";"";"";"Doppia";"NP";"";"";"";"OK";"OK"
"2023-01-06";"23-int";"7021";"2023-01-06 15:31:00";"2023-01-06 16:38:00";"Meran/o (Var.)";"";"";"";"Malles - Mals";"";"";"";"Doppia";"NP";"";"";"";"OK";"OK"
"2023-01-06";"23-int";"7049";"2023-01-06 16:02:00";"2023-01-06 16:55:00";"Meran/o (Var.)";"";"";"";"Malles - Mals";"";"";"";"Doppia";"NP";"";"";"";"OK";"OK"
"2023-01-06";"23-int";"7024";"2023-01-06 16:20:00";"2023-01-06 17:25:00";"Malles - Mals";"";"";"";"Meran/o (Var.)";"";"";"";"Doppia";"NP";"";"";"";"OK";"OK"
"2023-01-06";"23-int";"7023";"2023-01-06 16:35:00";"2023-01-06 17:38:00";"Meran/o (Var.)";"";"";"";"Malles - Mals";"";"";"";"Singola";"NP";"";"";"";"OK";"OK"
"2023-01-06";"23-int";"7050";"2023-01-06 17:03:00";"2023-01-06 17:57:00";"Malles - Mals";"";"";"";"Meran/o (Var.)";"";"";"";"Doppia";"NP";"";"";"";"OK";"OK"
"2023-01-06";"23-int";"7026";"2023-01-06 17:20:00";"2023-01-06 18:25:00";"Malles - Mals";"";"";"";"Meran/o (Var.)";"";"";"";"Doppia";"NP";"";"";"";"OK";"OK"
"2023-01-06";"23-int";"7025";"2023-01-06 17:31:00";"2023-01-06 18:38:00";"Meran/o (Var.)";"";"";"";"Malles - Mals";"";"";"";"Doppia";"NP";"";"";"";"OK";"OK"
"2023-01-06";"23-int";"7051";"2023-01-06 18:02:00";"2023-01-06 18:55:00";"Meran/o (Var.)";"";"";"";"Malles - Mals";"";"";"";"Doppia";"NP";"";"";"";"OK";"OK"
"2023-01-06";"23-int";"7028";"2023-01-06 18:20:00";"2023-01-06 19:25:00";"Malles - Mals";"";"";"";"Meran/o (Var.)";"";"";"";"Singola";"NP";"";"";"";"OK";"OK"
"2023-01-06";"23-int";"7027";"2023-01-06 18:35:00";"2023-01-06 19:38:00";"Meran/o (Var.)";"";"";"";"Malles - Mals";"";"";"";"Doppia";"NP";"";"";"";"OK";"OK"
"2023-01-06";"23-int";"7052";"2023-01-06 19:03:00";"2023-01-06 19:57:00";"Malles - Mals";"";"";"";"Meran/o (Var.)";"";"";"";"Doppia";"NP";"";"";"";"OK";"OK"
"2023-01-06";"23-int";"7030";"2023-01-06 19:20:00";"2023-01-06 20:25:00";"Malles - Mals";"";"";"";"Meran/o (Var.)";"";"";"";"Singola";"NP";"";"";"";"OK";"OK"
"2023-01-06";"23-int";"7029";"2023-01-06 19:31:00";"2023-01-06 20:38:00";"Meran/o (Var.)";"";"";"";"Malles - Mals";"";"";"";"Doppia";"NP";"";"";"";"OK";"OK"
"2023-01-06";"23-int";"7031";"2023-01-06 20:00:00";"2023-01-06 20:55:00";"Meran/o (Var.)";"";"";"";"Malles - Mals";"";"";"";"Singola";"NP";"";"";"";"OK";"OK"
"2023-01-06";"23-int";"7032";"2023-01-06 20:20:00";"2023-01-06 21:25:00";"Malles - Mals";"";"";"";"Meran/o (Var.)";"";"";"";"Doppia";"NP";"";"";"";"OK";"OK"
"2023-01-06";"23-int";"7033";"2023-01-06 21:00:00";"2023-01-06 21:55:00";"Meran/o (Var.)";"";"";"";"Malles - Mals";"";"";"";"Singola";"NP";"";"";"";"OK";"OK"
"2023-01-06";"23-int";"7034";"2023-01-06 21:20:00";"2023-01-06 22:25:00";"Malles - Mals";"";"";"";"Meran/o (Var.)";"";"";"";"Singola";"NP";"";"";"";"OK";"OK"
"2023-01-06";"23-int";"7035";"2023-01-06 22:00:00";"2023-01-06 22:55:00";"Meran/o (Var.)";"";"";"";"Malles - Mals";"";"";"";"Singola";"NP";"";"";"";"OK";"OK"
"2023-01-06";"23-int";"7037";"2023-01-06 23:00:00";"2023-01-06 23:55:00";"Meran/o (Var.)";"";"";"";"Malles - Mals";"";"";"";"Singola";"NP";"";"";"";"OK";"OK"
"2023-01-07";"23-int";"7000";"2023-01-07 05:18:00";"2023-01-07 06:12:00";"Malles - Mals";"";"";"";"Meran/o (Var.)";"";"";"";"Singola";"NP";"";"";"";"OK";"OK"
"2023-01-07";"23-int";"7002";"2023-01-07 05:40:00";"2023-01-07 06:37:00";"Malles - Mals";"";"";"";"Meran/o (Var.)";"";"";"";"Doppia";"NP";"";"";"";"OK";"OK"
"2023-01-07";"23-int";"7001";"2023-01-07 05:48:00";"2023-01-07 06:53:00";"Meran/o (Var.)";"";"";"";"Malles - Mals";"";"";"";"Doppia";"NP";"";"";"";"OK";"OK"
"2023-01-07";"23-int";"7004";"2023-01-07 06:16:00";"2023-01-07 07:16:00";"Malles - Mals";"";"";"";"Meran/o (Var.)";"";"";"";"Doppia";"NP";"";"";"";"OK";"OK"
"2023-01-07";"23-int";"7003";"2023-01-07 06:52:00";"2023-01-07 07:54:00";"Meran/o (Var.)";"";"";"";"Malles - Mals";"";"";"";"Doppia";"NP";"";"";"";"OK";"OK"
"2023-01-07";"23-int";"7040";"2023-01-07 07:01:00";"2023-01-07 07:57:00";"Malles - Mals";"";"";"";"Meran/o (Var.)";"";"";"";"Singola";"NP";"";"";"";"OK";"OK"
"2023-01-07";"23-int";"7006";"2023-01-07 07:20:00";"2023-01-07 08:25:00";"Malles - Mals";"";"";"";"Meran/o (Var.)";"";"";"";"Singola";"NP";"";"";"";"OK";"OK"
"2023-01-07";"23-int";"7005";"2023-01-07 07:31:00";"2023-01-07 08:38:00";"Meran/o (Var.)";"";"";"";"Malles - Mals";"";"";"";"Doppia";"NP";"";"";"";"OK";"OK"
"2023-01-07";"23-int";"7041";"2023-01-07 08:02:00";"2023-01-07 08:55:00";"Meran/o (Var.)";"";"";"";"Malles - Mals";"";"";"";"Singola";"NP";"";"";"";"OK";"OK"
"2023-01-07";"23-int";"7008";"2023-01-07 08:20:00";"2023-01-07 09:25:00";"Malles - Mals";"";"";"";"Meran/o (Var.)";"";"";"";"Doppia";"NP";"";"";"";"OK";"OK"
"2023-01-07";"23-int";"7007";"2023-01-07 08:35:00";"2023-01-07 09:38:00";"Meran/o (Var.)";"";"";"";"Malles - Mals";"";"";"";"Singola";"NP";"";"";"";"OK";"OK"
"2023-01-07";"23-int";"7042";"2023-01-07 09:03:00";"2023-01-07 09:57:00";"Malles - Mals";"";"";"";"Meran/o (Var.)";"";"";"";"Doppia";"NP";"";"";"";"OK";"OK"
"2023-01-07";"23-int";"7010";"2023-01-07 09:20:00";"2023-01-07 10:25:00";"Malles - Mals";"";"";"";"Meran/o (Var.)";"";"";"";"Singola";"NP";"";"";"";"OK";"OK"
"2023-01-07";"23-int";"7009";"2023-01-07 09:31:00";"2023-01-07 10:38:00";"Meran/o (Var.)";"";"";"";"Malles - Mals";"";"";"";"Singola";"NP";"";"";"";"OK";"OK"
"2023-01-07";"23-int";"7043";"2023-01-07 10:02:00";"2023-01-07 10:55:00";"Meran/o (Var.)";"";"";"";"Malles - Mals";"";"";"";"Doppia";"NP";"";"";"";"OK";"OK"
"2023-01-07";"23-int";"7012";"2023-01-07 10:20:00";"2023-01-07 11:25:00";"Malles - Mals";"";"";"";"Meran/o (Var.)";"";"";"";"Singola";"NP";"";"";"";"OK";"OK"
"2023-01-07";"23-int";"7011";"2023-01-07 10:35:00";"2023-01-07 11:38:00";"Meran/o (Var.)";"";"";"";"Malles - Mals";"";"";"";"Doppia";"NP";"";"";"";"OK";"OK"
"2023-01-07";"23-int";"7044";"2023-01-07 11:03:00";"2023-01-07 11:57:00";"Malles - Mals";"";"";"";"Meran/o (Var.)";"";"";"";"Singola";"NP";"";"";"";"OK";"OK"
"2023-01-07";"23-int";"7014";"2023-01-07 11:20:00";"2023-01-07 12:25:00";"Malles - Mals";"";"";"";"Meran/o (Var.)";"";"";"";"Doppia";"NP";"";"";"";"OK";"OK"
"2023-01-07";"23-int";"7013";"2023-01-07 11:31:00";"2023-01-07 12:38:00";"Meran/o (Var.)";"";"";"";"Malles - Mals";"";"";"";"Singola";"NP";"";"";"";"OK";"OK"
"2023-01-07";"23-int";"7045";"2023-01-07 12:02:00";"2023-01-07 12:55:00";"Meran/o (Var.)";"";"";"";"Malles - Mals";"";"";"";"Singola";"NP";"";"";"";"OK";"OK"
"2023-01-07";"23-int";"7016";"2023-01-07 12:20:00";"2023-01-07 13:25:00";"Malles - Mals";"";"";"";"Meran/o (Var.)";"";"";"";"Doppia";"NP";"";"";"";"OK";"OK"
"2023-01-07";"23-int";"7015";"2023-01-07 12:35:00";"2023-01-07 13:38:00";"Meran/o (Var.)";"";"";"";"Malles - Mals";"";"";"";"Singola";"NP";"";"";"";"OK";"OK"
"2023-01-07";"23-int";"7046";"2023-01-07 13:03:00";"2023-01-07 13:57:00";"Malles - Mals";"";"";"";"Meran/o (Var.)";"";"";"";"Singola";"NP";"";"";"";"OK";"OK"
"2023-01-07";"23-int";"7018";"2023-01-07 13:20:00";"2023-01-07 14:25:00";"Malles - Mals";"";"";"";"Meran/o (Var.)";"";"";"";"Singola";"NP";"";"";"";"OK";"OK"
"2023-01-07";"23-int";"7017";"2023-01-07 13:31:00";"2023-01-07 14:38:00";"Meran/o (Var.)";"";"";"";"Malles - Mals";"";"";"";"Doppia";"NP";"";"";"";"OK";"OK"
"2023-01-07";"23-int";"7047";"2023-01-07 14:02:00";"2023-01-07 14:55:00";"Meran/o (Var.)";"";"";"";"Malles - Mals";"";"";"";"Doppia";"NP";"";"";"";"OK";"OK"
"2023-01-07";"23-int";"7020";"2023-01-07 14:20:00";"2023-01-07 15:25:00";"Malles - Mals";"";"";"";"Meran/o (Var.)";"";"";"";"Singola";"NP";"";"";"";"OK";"OK"
"2023-01-07";"23-int";"7019";"2023-01-07 14:35:00";"2023-01-07 15:38:00";"Meran/o (Var.)";"";"";"";"Malles - Mals";"";"";"";"Singola";"NP";"";"";"";"OK";"OK"
"2023-01-07";"23-int";"7048";"2023-01-07 15:03:00";"2023-01-07 15:57:00";"Malles - Mals";"";"";"";"Meran/o (Var.)";"";"";"";"Doppia";"NP";"";"";"";"OK";"OK"
"2023-01-07";"23-int";"7022";"2023-01-07 15:20:00";"2023-01-07 16:25:00";"Malles - Mals";"";"";"";"Meran/o (Var.)";"";"";"";"Doppia";"NP";"";"";"";"OK";"OK"
"2023-01-07";"23-int";"7021";"2023-01-07 15:31:00";"2023-01-07 16:38:00";"Meran/o (Var.)";"";"";"";"Malles - Mals";"";"";"";"Singola";"NP";"";"";"";"OK";"OK"
"2023-01-07";"23-int";"7049";"2023-01-07 16:02:00";"2023-01-07 16:55:00";"Meran/o (Var.)";"";"";"";"Malles - Mals";"";"";"";"Singola";"NP";"";"";"";"OK";"OK"
"2023-01-07";"23-int";"7024";"2023-01-07 16:20:00";"2023-01-07 17:25:00";"Malles - Mals";"";"";"";"Meran/o (Var.)";"";"";"";"Singola";"NP";"";"";"";"OK";"OK"
"2023-01-07";"23-int";"7023";"2023-01-07 16:35:00";"2023-01-07 17:38:00";"Meran/o (Var.)";"";"";"";"Malles - Mals";"";"";"";"Doppia";"NP";"";"";"";"OK";"OK"
"2023-01-07";"23-int";"7050";"2023-01-07 17:03:00";"2023-01-07 17:57:00";"Malles - Mals";"";"";"";"Meran/o (Var.)";"";"";"";"Singola";"NP";"";"";"";"OK";"OK"
"2023-01-07";"23-int";"7026";"2023-01-07 17:20:00";"2023-01-07 18:25:00";"Malles - Mals";"";"";"";"Meran/o (Var.)";"";"";"";"Singola";"NP";"";"";"";"OK";"OK"
"2023-01-07";"23-int";"7025";"2023-01-07 17:31:00";"2023-01-07 18:38:00";"Meran/o (Var.)";"";"";"";"Malles - Mals";"";"";"";"Doppia";"NP";"";"";"";"OK";"OK"
"2023-01-07";"23-int";"7051";"2023-01-07 18:02:00";"2023-01-07 18:55:00";"Meran/o (Var.)";"";"";"";"Malles - Mals";"";"";"";"Singola";"NP";"";"";"";"OK";"OK"
"2023-01-07";"23-int";"7028";"2023-01-07 18:20:00";"2023-01-07 19:25:00";"Malles - Mals";"";"";"";"Meran/o (Var.)";"";"";"";"Singola";"NP";"";"";"";"OK";"OK"
"2023-01-07";"23-int";"7027";"2023-01-07 18:35:00";"2023-01-07 19:38:00";"Meran/o (Var.)";"";"";"";"Malles - Mals";"";"";"";"Singola";"NP";"";"";"";"OK";"OK"
"2023-01-07";"23-int";"7052";"2023-01-07 19:03:00";"2023-01-07 19:57:00";"Malles - Mals";"";"";"";"Meran/o (Var.)";"";"";"";"Singola";"NP";"";"";"";"OK";"OK"
"2023-01-07";"23-int";"7030";"2023-01-07 19:20:00";"2023-01-07 20:25:00";"Malles - Mals";"";"";"";"Meran/o (Var.)";"";"";"";"Singola";"NP";"";"";"";"OK";"OK"
"2023-01-07";"23-int";"7029";"2023-01-07 19:31:00";"2023-01-07 20:38:00";"Meran/o (Var.)";"";"";"";"Malles - Mals";"";"";"";"Singola";"NP";"";"";"";"OK";"OK"
"2023-01-07";"23-int";"7031";"2023-01-07 20:00:00";"2023-01-07 20:55:00";"Meran/o (Var.)";"";"";"";"Malles - Mals";"";"";"";"Singola";"NP";"";"";"";"OK";"OK"
"2023-01-07";"23-int";"7032";"2023-01-07 20:20:00";"2023-01-07 21:25:00";"Malles - Mals";"";"";"";"Meran/o (Var.)";"";"";"";"Singola";"NP";"";"";"";"OK";"OK"
"2023-01-07";"23-int";"7033";"2023-01-07 21:00:00";"2023-01-07 21:55:00";"Meran/o (Var.)";"";"";"";"Malles - Mals";"";"";"";"Singola";"NP";"";"";"";"OK";"OK"
"2023-01-07";"23-int";"7034";"2023-01-07 21:20:00";"2023-01-07 22:25:00";"Malles - Mals";"";"";"";"Meran/o (Var.)";"";"";"";"Singola";"NP";"";"";"";"OK";"OK"
"2023-01-07";"23-int";"7035";"2023-01-07 22:00:00";"2023-01-07 22:55:00";"Meran/o (Var.)";"";"";"";"Malles - Mals";"";"";"";"Singola";"NP";"";"";"";"OK";"OK"
"2023-01-07";"23-int";"7037";"2023-01-07 23:00:00";"2023-01-07 23:55:00";"Meran/o (Var.)";"";"";"";"Malles - Mals";"";"";"";"Singola";"NP";"";"";"";"OK";"OK"
"2023-01-08";"23-int";"7002";"2023-01-08 05:40:00";"2023-01-08 06:37:00";"Malles - Mals";"";"";"";"Meran/o (Var.)";"";"";"";"Doppia";"NP";"";"";"";"OK";"OK"
"2023-01-08";"23-int";"7004";"2023-01-08 06:16:00";"2023-01-08 07:16:00";"Malles - Mals";"";"";"";"Meran/o (Var.)";"6";"Guasto veicoli viaggiatori";"+7 Sta (x) 7003";"Singola";"NP";"";"";"";"OK";"OK"
"2023-01-08";"23-int";"7003";"2023-01-08 06:52:00";"2023-01-08 07:54:00";"Meran/o (Var.)";"8";"Guasto veicoli viaggiatori";"+8 formazione treno e manovra x cambio mat";"Malles - Mals";"4";"Guasto veicoli viaggiatori";"";"Doppia";"NP";"";"";"";"OK";"OK"
"2023-01-08";"23-int";"7040";"2023-01-08 07:01:00";"2023-01-08 07:57:00";"Malles - Mals";"";"";"";"Meran/o (Var.)";"2";"Guasto veicoli viaggiatori";"+7 Sil (x) 7003";"Singola (Var.)";"NP";"";"";"";"OK";"OK"
"2023-01-08";"23-int";"7006";"2023-01-08 07:20:00";"2023-01-08 08:25:00";"Malles - Mals";"";"";"";"Meran/o (Var.)";"5";"Guasto veicoli viaggiatori";"+3 (Lasa) x 7003;+5 Sta (x) 7041";"Singola (Var.)";"NP";"";"";"";"OK";"OK"
"2023-01-08";"23-int";"7005";"2023-01-08 07:31:00";"2023-01-08 08:38:00";"Meran/o (Var.)";"";"";"";"Malles - Mals";"";"Guasto veicoli viaggiatori";"+6 Sta (x) 7040";"Singola (Var.)";"NP";"";"";"";"OK";"OK"
"2023-01-08";"23-int";"7041";"2023-01-08 08:02:00";"2023-01-08 08:55:00";"Meran/o (Var.)";"7";"Guasto veicoli viaggiatori";"+7 x formaz treno e manovra causa cambio mat";"Malles - Mals";"5";"Guasto veicoli viaggiatori";"+6 Sta (x) 7006;+7 Lasa (x) 7008";"Singola";"NP";"";"";"";"OK";"OK"
"2023-01-08";"23-int";"7008";"2023-01-08 08:20:00";"2023-01-08 09:25:00";"Malles - Mals";"";"";"";"Meran/o (Var.)";"9";"Guasto veicoli viaggiatori";"+9 Lac (x) 7007";"Doppia";"NP";"";"";"";"OK";"OK"
"2023-01-08";"23-int";"7007";"2023-01-08 08:35:00";"2023-01-08 09:38:00";"Meran/o (Var.)";"13";"Guasto veicoli viaggiatori";"+13 formaz treno e manovra x cambio mat";"Malles - Mals";"7";"Guasto veicoli viaggiatori";"+13 in partenza da Tel";"Singola (Var.)";"NP";"";"";"";"OK";"OK"
"2023-01-08";"23-int";"7042";"2023-01-08 09:03:00";"2023-01-08 09:57:00";"Malles - Mals";"";"";"";"Meran/o (Var.)";"40";"Guasto veicoli viaggiatori";"+9 Lasa (x) 7007+25 attesa prot Tel x manovre ATR guasti";"Singola";"NP";"";"";"";"OK";"OK"
"2023-01-08";"23-int";"7010";"2023-01-08 09:20:00";"2023-01-08 10:25:00";"Malles - Mals";"";"";"";"Meran/o (Var.)";"33";"Guasto veicoli viaggiatori";"+35 Sta (x) 7011 (cambio incrocio)";"Singola (Var.)";"NP";"";"";"";"OK";"OK"
"2023-01-08";"23-int";"7009";"2023-01-08 09:31:00";"2023-01-08 10:38:00";"Meran/o (Var.)";"8";"Guasto veicoli viaggiatori";"+8 x formazione treno e manovra";"Malles - Mals";"";"";"";"Singola (Var.)";"NP";"";"";"";"OK";"OK"
"2023-01-08";"23-int";"7043";"2023-01-08 10:02:00";"2023-01-08 10:55:00";"Tel - Töll";"";"";"";"Malles - Mals";"";"";"";"Doppia";"NP";"S";"Guasto materiale";"";"OK";"OK"
"2023-01-08";"23-int";"7012";"2023-01-08 10:20:00";"2023-01-08 11:25:00";"Malles - Mals";"9";"Guasto veicoli viaggiatori";"+9 da Malles x formazione treno e manovra";"Meran/o (Var.)";"";"";"";"Singola (Var.)";"NP";"";"";"";"OK";"OK"
"2023-01-08";"23-int";"7011";"2023-01-08 10:35:00";"2023-01-08 11:38:00";"Meran/o (Var.)";"";"";"";"Malles - Mals";"";"";"";"Doppia (Var.)";"NP";"";"";"";"OK";"OK"
"2023-01-08";"23-int";"7044";"2023-01-08 11:03:00";"2023-01-08 11:57:00";"Malles - Mals";"";"";"";"Tel - Töll";"";"";"";"Doppia";"NP";"S";"Guasto materiale";"";"OK";"OK"
"2023-01-08";"23-int";"7014";"2023-01-08 11:20:00";"2023-01-08 12:25:00";"Malles - Mals";"";"";"";"Meran/o (Var.)";"";"";"";"Singola (Var.)";"NP";"";"";"";"OK";"OK"
"2023-01-08";"23-int";"7013";"2023-01-08 11:31:00";"2023-01-08 12:38:00";"Meran/o (Var.)";"";"";"";"Malles - Mals";"";"";"";"Singola (Var.)";"NP";"";"";"";"OK";"OK"
"2023-01-08";"23-int";"7045";"2023-01-08 12:02:00";"2023-01-08 12:55:00";"Meran/o (Var.)";"";"";"";"Malles - Mals";"";"";"";"Doppia";"NP";"";"";"";"OK";"OK"
"2023-01-08";"23-int";"7016";"2023-01-08 12:20:00";"2023-01-08 13:25:00";"Malles - Mals";"";"";"";"Meran/o (Var.)";"";"";"";"Singola";"NP";"";"";"";"OK";"OK"
"2023-01-08";"23-int";"7015";"2023-01-08 12:35:00";"2023-01-08 13:38:00";"Meran/o (Var.)";"";"";"";"Malles - Mals";"";"";"";"Singola (Var.)";"NP";"";"";"";"OK";"OK"
"2023-01-08";"23-int";"7046";"2023-01-08 13:03:00";"2023-01-08 13:57:00";"Malles - Mals";"";"";"";"Meran/o (Var.)";"";"";"";"Doppia";"NP";"";"";"";"OK";"OK"
"2023-01-08";"23-int";"7018";"2023-01-08 13:20:00";"2023-01-08 14:25:00";"Malles - Mals";"";"";"";"Meran/o (Var.)";"";"";"";"Doppia";"NP";"";"";"";"OK";"OK"
"2023-01-08";"23-int";"7017";"2023-01-08 13:31:00";"2023-01-08 14:38:00";"Meran/o (Var.)";"";"";"";"Malles - Mals";"";"";"";"Doppia";"NP";"";"";"";"OK";"OK"
"2023-01-08";"23-int";"7047";"2023-01-08 14:02:00";"2023-01-08 14:55:00";"Meran/o (Var.)";"";"";"";"Malles - Mals";"";"";"";"Singola";"NP";"";"";"";"OK";"OK"
"2023-01-08";"23-int";"7020";"2023-01-08 14:20:00";"2023-01-08 15:25:00";"Malles - Mals";"";"";"";"Meran/o (Var.)";"";"";"";"Singola (Var.)";"NP";"";"";"";"OK";"OK"
"2023-01-08";"23-int";"7019";"2023-01-08 14:35:00";"2023-01-08 15:38:00";"Meran/o (Var.)";"";"";"";"Malles - Mals";"";"";"";"Doppia";"NP";"";"";"";"OK";"OK"
"2023-01-08";"23-int";"7048";"2023-01-08 15:03:00";"2023-01-08 15:57:00";"Malles - Mals";"";"";"";"Meran/o (Var.)";"";"";"";"Singola";"NP";"";"";"";"OK";"OK"
"2023-01-08";"23-int";"7022";"2023-01-08 15:20:00";"2023-01-08 16:25:00";"Malles - Mals";"";"";"";"Meran/o (Var.)";"";"";"";"Doppia";"NP";"";"";"";"OK";"OK"
"2023-01-08";"23-int";"7021";"2023-01-08 15:31:00";"2023-01-08 16:38:00";"Meran/o (Var.)";"";"";"";"Malles - Mals";"";"";"";"Doppia";"NP";"";"";"";"OK";"OK"
"2023-01-08";"23-int";"7049";"2023-01-08 16:02:00";"2023-01-08 16:55:00";"Meran/o (Var.)";"";"";"";"Malles - Mals";"";"";"";"Singola (Var.)";"NP";"";"";"";"OK";"OK"
"2023-01-08";"23-int";"7024";"2023-01-08 16:20:00";"2023-01-08 17:25:00";"Malles - Mals";"";"";"";"Meran/o (Var.)";"";"";"";"Doppia";"NP";"";"";"";"OK";"OK"
"2023-01-08";"23-int";"7023";"2023-01-08 16:35:00";"2023-01-08 17:38:00";"Meran/o (Var.)";"";"";"";"Malles - Mals";"";"";"";"Singola";"NP";"";"";"";"OK";"OK"
"2023-01-08";"23-int";"7050";"2023-01-08 17:03:00";"2023-01-08 17:57:00";"Malles - Mals";"";"";"";"Meran/o (Var.)";"";"";"";"Singola (Var.)";"NP";"";"";"";"OK";"OK"
"2023-01-08";"23-int";"7026";"2023-01-08 17:20:00";"2023-01-08 18:25:00";"Malles - Mals";"";"";"";"Meran/o (Var.)";"";"";"";"Doppia";"NP";"";"";"";"OK";"OK"
"2023-01-08";"23-int";"7025";"2023-01-08 17:31:00";"2023-01-08 18:38:00";"Meran/o (Var.)";"";"";"";"Malles - Mals";"";"";"";"Singola (Var.)";"NP";"";"";"";"OK";"OK"
"2023-01-08";"23-int";"7051";"2023-01-08 18:02:00";"2023-01-08 18:55:00";"Meran/o (Var.)";"";"";"";"Malles - Mals";"";"";"";"Doppia";"NP";"";"";"";"OK";"OK"
"2023-01-08";"23-int";"7028";"2023-01-08 18:20:00";"2023-01-08 19:25:00";"Malles - Mals";"";"";"";"Meran/o (Var.)";"";"";"";"Singola";"NP";"";"";"";"OK";"OK"
"2023-01-08";"23-int";"7027";"2023-01-08 18:35:00";"2023-01-08 19:38:00";"Meran/o (Var.)";"";"";"";"Malles - Mals";"";"";"";"Singola (Var.)";"NP";"";"";"";"OK";"OK"
"2023-01-08";"23-int";"7052";"2023-01-08 19:03:00";"2023-01-08 19:57:00";"Malles - Mals";"";"";"";"Meran/o (Var.)";"";"";"";"Singola (Var.)";"NP";"";"";"";"OK";"OK"
"2023-01-08";"23-int";"7030";"2023-01-08 19:20:00";"2023-01-08 20:25:00";"Malles - Mals";"";"";"";"Meran/o (Var.)";"7";"Servizio viaggiatori";"+8 (X) 7031 a Stava";"Singola";"NP";"";"";"";"OK";"OK"
"2023-01-08";"23-int";"7029";"2023-01-08 19:31:00";"2023-01-08 20:38:00";"Meran/o (Var.)";"";"";"";"Malles - Mals";"";"";"";"Doppia";"NP";"";"";"";"OK";"OK"
"2023-01-08";"23-int";"7031";"2023-01-08 20:00:00";"2023-01-08 20:55:00";"Meran/o (Var.)";"10";"Servizio viaggiatori";"a Tel su richiesta della S.O  coincidenza bus";"Malles - Mals";"10";"Servizio viaggiatori";"+10 sv";"Singola";"NP";"";"";"";"OK";"OK"
"2023-01-08";"23-int";"7032";"2023-01-08 20:20:00";"2023-01-08 21:25:00";"Malles - Mals";"";"";"";"Meran/o (Var.)";"8";"Servizio viaggiatori";"+10 (X) 7031 a Lasa";"Doppia";"NP";"";"";"";"OK";"OK"
"2023-01-08";"23-int";"7033";"2023-01-08 21:00:00";"2023-01-08 21:55:00";"Meran/o (Var.)";"4";"Servizio viaggiatori";"+4 atto partenza per coincidenza bus";"Malles - Mals";"7";"Servizio viaggiatori";"+8 (X) 7032 A STAVA";"Singola";"NP";"";"";"";"OK";"OK"
"2023-01-08";"23-int";"7034";"2023-01-08 21:20:00";"2023-01-08 22:25:00";"Malles - Mals";"";"";"";"Meran/o (Var.)";"9";"Servizio viaggiatori";"+8 (X) 7033 a Lasa , +9 a Stava (X) 7035";"Singola";"NP";"";"";"";"OK";"OK"
"2023-01-08";"23-int";"7035";"2023-01-08 22:00:00";"2023-01-08 22:55:00";"Meran/o (Var.)";"10";"Altre cause esterne";"+10 malore PDM";"Malles - Mals";"9";"Altre cause esterne";"+9 malore Pdm";"Singola";"NP";"";"";"";"OK";"OK"
"2023-01-08";"23-int";"7037";"2023-01-08 23:00:00";"2023-01-08 23:55:00";"Meran/o (Var.)";"7";"Servizio viaggiatori";"+7 coincidenza bus";"Malles - Mals";"4";"Servizio viaggiatori";"+4 Sv";"Singola";"NP";"";"";"";"OK";"OK"
"2023-01-09";"23-int";"7000";"2023-01-09 05:18:00";"2023-01-09 06:12:00";"Malles - Mals";"";"";"";"Meran/o (Var.)";"";"";"";"Singola";"NP";"";"";"";"OK";"OK"
"2023-01-09";"23-int";"7002";"2023-01-09 05:40:00";"2023-01-09 06:37:00";"Malles - Mals";"";"";"";"Meran/o (Var.)";"";"";"";"Doppia";"NP";"";"";"";"OK";"OK"
"2023-01-09";"23-int";"7001";"2023-01-09 05:48:00";"2023-01-09 06:53:00";"Meran/o (Var.)";"";"";"";"Malles - Mals";"";"";"";"Doppia";"NP";"";"";"";"OK";"OK"
"2023-01-09";"23-int";"7004";"2023-01-09 06:16:00";"2023-01-09 07:16:00";"Malles - Mals";"";"";"";"Meran/o (Var.)";"";"";"";"Doppia";"NP";"";"";"";"OK";"OK"
"2023-01-09";"23-int";"7003";"2023-01-09 06:52:00";"2023-01-09 07:54:00";"Meran/o (Var.)";"";"";"";"Malles - Mals";"";"";"";"Doppia";"NP";"";"";"";"OK";"OK"
"2023-01-09";"23-int";"7040";"2023-01-09 07:01:00";"2023-01-09 07:57:00";"Malles - Mals";"";"";"";"Meran/o (Var.)";"";"";"";"Doppia";"NP";"";"";"";"OK";"OK"
"2023-01-09";"23-int";"7006";"2023-01-09 07:20:00";"2023-01-09 08:25:00";"Malles - Mals";"";"";"";"Meran/o (Var.)";"";"";"";"Singola";"NP";"";"";"";"OK";"OK"
"2023-01-09";"23-int";"7005";"2023-01-09 07:31:00";"2023-01-09 08:38:00";"Meran/o (Var.)";"";"";"";"Malles - Mals";"30";"Guasto impianti di sicurezza";"+30 SPO GUASTO DEV 1-2-3-4";"Doppia";"NP";"";"";"";"OK";"OK"
"2023-01-09";"23-int";"7041";"2023-01-09 08:02:00";"2023-01-09 08:55:00";"Meran/o (Var.)";"";"";"";"Malles - Mals";"29";"Guasto impianti di sicurezza";"+18 LAS(x)7008; +7 SPO";"Singola";"NP";"";"";"";"OK";"OK"
"2023-01-09";"23-int";"7008";"2023-01-09 08:20:00";"2023-01-09 09:25:00";"Malles - Mals";"";"";"";"Meran/o (Var.)";"18";"Guasto impianti di sicurezza";"+21 SPO GUASTO DEV 1-2-3-4";"Doppia";"NP";"";"";"";"OK";"OK"
"2023-01-09";"23-int";"7007";"2023-01-09 08:35:00";"2023-01-09 09:38:00";"Meran/o (Var.)";"";"";"";"Malles - Mals";"";"";"";"Singola";"NP";"";"";"";"OK";"OK"
"2023-01-09";"23-int";"7042";"2023-01-09 09:03:00";"2023-01-09 09:57:00";"Malles - Mals";"";"";"";"Tel - Töll";"";"";"";"Singola";"NP";"S";"Altre cause esterne";"ECESSIVO RITARDO 7041 PER GUASTO DEVIATOI SPONDIGNA";"OK";"OK"
"2023-01-09";"23-int";"7010";"2023-01-09 09:20:00";"2023-01-09 10:25:00";"Malles - Mals";"";"";"";"Meran/o (Var.)";"4";"Guasto impianti di sicurezza";"+5 LAC(x)7009";"Doppia";"NP";"";"";"";"OK";"OK"
"2023-01-09";"23-int";"7009";"2023-01-09 09:31:00";"2023-01-09 10:38:00";"Meran/o (Var.)";"14";"Guasto impianti di sicurezza";"+14 TEL(x)7008";"Malles - Mals";"";"";"";"Doppia";"NP";"";"";"";"OK";"OK"
"2023-01-09";"23-int";"7043";"2023-01-09 10:02:00";"2023-01-09 10:55:00";"Meran/o (Var.)";"";"";"";"Malles - Mals";"";"";"";"Doppia";"NP";"";"";"";"OK";"OK"
"2023-01-09";"23-int";"7012";"2023-01-09 10:20:00";"2023-01-09 11:25:00";"Malles - Mals";"";"";"";"Meran/o (Var.)";"";"";"";"Singola";"NP";"";"";"";"OK";"OK"
"2023-01-09";"23-int";"7011";"2023-01-09 10:35:00";"2023-01-09 11:38:00";"Meran/o (Var.)";"";"";"";"Malles - Mals";"";"";"";"Doppia";"NP";"";"";"";"OK";"OK"
"2023-01-09";"23-int";"7044";"2023-01-09 11:03:00";"2023-01-09 11:57:00";"Malles - Mals";"";"";"";"Meran/o (Var.)";"";"";"";"Doppia";"NP";"";"";"";"OK";"OK"
"2023-01-09";"23-int";"7014";"2023-01-09 11:20:00";"2023-01-09 12:25:00";"Malles - Mals";"";"";"";"Meran/o (Var.)";"";"";"";"Doppia";"NP";"";"";"";"OK";"OK"
"2023-01-09";"23-int";"7013";"2023-01-09 11:31:00";"2023-01-09 12:38:00";"Meran/o (Var.)";"";"";"";"Malles - Mals";"";"";"";"Singola";"NP";"";"";"";"OK";"OK"
"2023-01-09";"23-int";"7045";"2023-01-09 12:02:00";"2023-01-09 12:55:00";"Meran/o (Var.)";"5";"Formazione treno e manovra";"+5' Tel per formazione treno";"Malles - Mals";"2";"Formazione treno e manovra";"";"Singola";"NP";"";"";"";"OK";"OK"
"2023-01-09";"23-int";"7016";"2023-01-09 12:20:00";"2023-01-09 13:25:00";"Malles - Mals";"";"";"";"Meran/o (Var.)";"";"";"";"Doppia";"NP";"";"";"";"OK";"OK"
"2023-01-09";"23-int";"7015";"2023-01-09 12:35:00";"2023-01-09 13:38:00";"Meran/o (Var.)";"";"";"";"Malles - Mals";"5";"Guasto veicoli viaggiatori";"+4' Lasa per guasto sospensioni";"Singola (Var.)";"NP";"";"";"";"OK";"OK"
"2023-01-09";"23-int";"7046";"2023-01-09 13:03:00";"2023-01-09 13:57:00";"Malles - Mals";"";"";"";"Meran/o (Var.)";"";"";"";"Singola";"NP";"";"";"";"OK";"OK"
"2023-01-09";"23-int";"7018";"2023-01-09 13:20:00";"2023-01-09 14:25:00";"Malles - Mals";"";"";"";"Meran/o (Var.)";"";"";"";"Singola";"NP";"";"";"";"OK";"OK"
"2023-01-09";"23-int";"7017";"2023-01-09 13:31:00";"2023-01-09 14:38:00";"Meran/o (Var.)";"";"";"";"Malles - Mals";"";"";"";"Doppia";"NP";"";"";"";"OK";"OK"
"2023-01-09";"23-int";"7047";"2023-01-09 14:02:00";"2023-01-09 14:55:00";"Meran/o (Var.)";"";"";"";"Malles - Mals";"";"";"";"Doppia";"NP";"";"";"";"OK";"OK"
"2023-01-09";"23-int";"7020";"2023-01-09 14:20:00";"2023-01-09 15:25:00";"Malles - Mals";"";"";"";"Meran/o (Var.)";"";"";"";"Doppia";"NP";"";"";"";"OK";"OK"
"2023-01-09";"23-int";"7019";"2023-01-09 14:35:00";"2023-01-09 15:38:00";"Meran/o (Var.)";"";"";"";"Malles - Mals";"";"";"";"Singola";"NP";"";"";"";"OK";"OK"
"2023-01-09";"23-int";"7048";"2023-01-09 15:03:00";"2023-01-09 15:57:00";"Malles - Mals";"";"";"";"Meran/o (Var.)";"";"";"";"Doppia";"NP";"";"";"";"OK";"OK"
"2023-01-09";"23-int";"7022";"2023-01-09 15:20:00";"2023-01-09 16:25:00";"Malles - Mals";"";"";"";"Meran/o (Var.)";"";"";"";"Doppia";"NP";"";"";"";"OK";"OK"
"2023-01-09";"23-int";"7021";"2023-01-09 15:31:00";"2023-01-09 16:38:00";"Meran/o (Var.)";"";"";"";"Malles - Mals";"";"";"";"Doppia";"NP";"";"";"";"OK";"OK"
"2023-01-09";"23-int";"7049";"2023-01-09 16:02:00";"2023-01-09 16:55:00";"Meran/o (Var.)";"";"";"";"Malles - Mals";"";"";"";"Singola";"NP";"";"";"";"OK";"OK"
"2023-01-09";"23-int";"7024";"2023-01-09 16:20:00";"2023-01-09 17:25:00";"Malles - Mals";"";"";"";"Meran/o (Var.)";"";"";"";"Doppia";"NP";"";"";"";"OK";"OK"
"2023-01-09";"23-int";"7023";"2023-01-09 16:35:00";"2023-01-09 17:38:00";"Meran/o (Var.)";"";"";"";"Malles - Mals";"";"";"";"Doppia";"NP";"";"";"";"OK";"OK"
"2023-01-09";"23-int";"7050";"2023-01-09 17:03:00";"2023-01-09 17:57:00";"Malles - Mals";"";"";"";"Meran/o (Var.)";"";"";"";"Singola";"NP";"";"";"";"OK";"OK"
"2023-01-09";"23-int";"7026";"2023-01-09 17:20:00";"2023-01-09 18:25:00";"Malles - Mals";"";"";"";"Meran/o (Var.)";"";"";"";"Singola";"NP";"";"";"";"OK";"OK"
"2023-01-09";"23-int";"7025";"2023-01-09 17:31:00";"2023-01-09 18:38:00";"Meran/o (Var.)";"";"";"";"Malles - Mals";"";"";"";"Doppia";"NP";"";"";"";"OK";"OK"
"2023-01-09";"23-int";"7051";"2023-01-09 18:02:00";"2023-01-09 18:55:00";"Meran/o (Var.)";"";"";"";"Malles - Mals";"";"";"";"Doppia";"NP";"";"";"";"OK";"OK"
"2023-01-09";"23-int";"7028";"2023-01-09 18:20:00";"2023-01-09 19:25:00";"Malles - Mals";"";"";"";"Meran/o (Var.)";"";"";"";"Singola";"NP";"";"";"";"OK";"OK"
"2023-01-09";"23-int";"7027";"2023-01-09 18:35:00";"2023-01-09 19:38:00";"Meran/o (Var.)";"";"";"";"Malles - Mals";"";"";"";"Singola";"NP";"";"";"";"OK";"OK"
"2023-01-09";"23-int";"7052";"2023-01-09 19:03:00";"2023-01-09 19:57:00";"Malles - Mals";"";"";"";"Meran/o (Var.)";"";"";"";"Singola";"NP";"";"";"";"OK";"OK"
"2023-01-09";"23-int";"7030";"2023-01-09 19:20:00";"2023-01-09 20:25:00";"Malles - Mals";"";"";"";"Meran/o (Var.)";"";"";"";"Singola";"NP";"";"";"";"OK";"OK"
"2023-01-09";"23-int";"7029";"2023-01-09 19:31:00";"2023-01-09 20:38:00";"Meran/o (Var.)";"";"";"";"Malles - Mals";"";"";"";"Singola";"NP";"";"";"";"OK";"OK"
"2023-01-09";"23-int";"7031";"2023-01-09 20:00:00";"2023-01-09 20:55:00";"Meran/o (Var.)";"";"";"";"Malles - Mals";"";"";"";"Singola";"NP";"";"";"";"OK";"OK"
"2023-01-09";"23-int";"7032";"2023-01-09 20:20:00";"2023-01-09 21:25:00";"Malles - Mals";"";"";"";"Meran/o (Var.)";"";"";"";"Doppia";"NP";"";"";"";"OK";"OK"
"2023-01-09";"23-int";"7033";"2023-01-09 21:00:00";"2023-01-09 21:55:00";"Meran/o (Var.)";"";"";"";"Malles - Mals";"";"";"";"Singola";"NP";"";"";"";"OK";"OK"
"2023-01-09";"23-int";"7034";"2023-01-09 21:20:00";"2023-01-09 22:25:00";"Malles - Mals";"";"";"";"Meran/o (Var.)";"";"";"";"Singola";"NP";"";"";"";"OK";"OK"
"2023-01-09";"23-int";"7035";"2023-01-09 22:00:00";"2023-01-09 22:55:00";"Meran/o (Var.)";"";"";"";"Malles - Mals";"";"";"";"Singola";"NP";"";"";"";"OK";"OK"
"2023-01-09";"23-int";"7037";"2023-01-09 23:00:00";"2023-01-09 23:55:00";"Meran/o (Var.)";"";"";"";"Malles - Mals";"";"";"";"Singola";"NP";"";"";"";"OK";"OK"
"2023-01-10";"23-int";"7000";"2023-01-10 05:18:00";"2023-01-10 06:12:00";"Malles - Mals";"";"";"";"Meran/o (Var.)";"";"";"";"Singola";"NP";"";"";"";"OK";"OK"
"2023-01-10";"23-int";"7002";"2023-01-10 05:40:00";"2023-01-10 06:37:00";"Malles - Mals";"";"";"";"Meran/o (Var.)";"";"";"";"Doppia";"NP";"";"";"";"OK";"OK"
"2023-01-10";"23-int";"7001";"2023-01-10 05:48:00";"2023-01-10 06:53:00";"Meran/o (Var.)";"";"";"";"Malles - Mals";"";"";"";"Doppia";"NP";"";"";"";"OK";"OK"
"2023-01-10";"23-int";"7004";"2023-01-10 06:16:00";"2023-01-10 07:16:00";"Malles - Mals";"";"";"";"Meran/o (Var.)";"";"";"";"Doppia";"NP";"";"";"";"OK";"OK"
"2023-01-10";"23-int";"7003";"2023-01-10 06:52:00";"2023-01-10 07:54:00";"Meran/o (Var.)";"";"";"";"Malles - Mals";"";"";"";"Doppia";"NP";"";"";"";"OK";"OK"
"2023-01-10";"23-int";"7040";"2023-01-10 07:01:00";"2023-01-10 07:57:00";"Malles - Mals";"";"";"";"Meran/o (Var.)";"";"";"";"Doppia";"NP";"";"";"";"OK";"OK"
"2023-01-10";"23-int";"7006";"2023-01-10 07:20:00";"2023-01-10 08:25:00";"Malles - Mals";"";"";"";"Meran/o (Var.)";"";"";"";"Singola";"NP";"";"";"";"OK";"OK"
"2023-01-10";"23-int";"7005";"2023-01-10 07:31:00";"2023-01-10 08:38:00";"Meran/o (Var.)";"";"";"";"Malles - Mals";"";"";"";"Doppia";"NP";"";"";"";"OK";"OK"
"2023-01-10";"23-int";"7041";"2023-01-10 08:02:00";"2023-01-10 08:55:00";"Meran/o (Var.)";"";"";"";"Malles - Mals";"";"";"";"Singola";"NP";"";"";"";"OK";"OK"
"2023-01-10";"23-int";"7008";"2023-01-10 08:20:00";"2023-01-10 09:25:00";"Malles - Mals";"";"";"";"Meran/o (Var.)";"";"";"";"Doppia";"NP";"";"";"";"OK";"OK"
"2023-01-10";"23-int";"7007";"2023-01-10 08:35:00";"2023-01-10 09:38:00";"Meran/o (Var.)";"";"";"";"Malles - Mals";"";"";"";"Singola";"NP";"";"";"";"OK";"OK"
"2023-01-10";"23-int";"7042";"2023-01-10 09:03:00";"2023-01-10 09:57:00";"Malles - Mals";"";"";"";"Meran/o (Var.)";"";"";"";"Singola";"NP";"";"";"";"OK";"OK"
"2023-01-10";"23-int";"7010";"2023-01-10 09:20:00";"2023-01-10 10:25:00";"Malles - Mals";"";"";"";"Meran/o (Var.)";"";"";"";"Doppia";"NP";"";"";"";"OK";"OK"
"2023-01-10";"23-int";"7009";"2023-01-10 09:31:00";"2023-01-10 10:38:00";"Meran/o (Var.)";"";"";"";"Malles - Mals";"";"";"";"Doppia";"NP";"";"";"";"OK";"OK"
"2023-01-10";"23-int";"7043";"2023-01-10 10:02:00";"2023-01-10 10:55:00";"Meran/o (Var.)";"";"";"";"Malles - Mals";"";"";"";"Doppia";"NP";"";"";"";"OK";"OK"
"2023-01-10";"23-int";"7012";"2023-01-10 10:20:00";"2023-01-10 11:25:00";"Malles - Mals";"";"";"";"Meran/o (Var.)";"";"";"";"Singola";"NP";"";"";"";"OK";"OK"
"2023-01-10";"23-int";"7011";"2023-01-10 10:35:00";"2023-01-10 11:38:00";"Meran/o (Var.)";"";"";"";"Malles - Mals";"";"";"";"Doppia";"NP";"";"";"";"OK";"OK"
"2023-01-10";"23-int";"7044";"2023-01-10 11:03:00";"2023-01-10 11:57:00";"Malles - Mals";"";"";"";"Meran/o (Var.)";"";"";"";"Doppia";"NP";"";"";"";"OK";"OK"
"2023-01-10";"23-int";"7014";"2023-01-10 11:20:00";"2023-01-10 12:25:00";"Malles - Mals";"";"";"";"Meran/o (Var.)";"";"";"";"Doppia";"NP";"";"";"";"OK";"OK"
"2023-01-10";"23-int";"7013";"2023-01-10 11:31:00";"2023-01-10 12:38:00";"Meran/o (Var.)";"";"";"";"Malles - Mals";"";"";"";"Singola";"NP";"";"";"";"OK";"OK"
"2023-01-10";"23-int";"7045";"2023-01-10 12:02:00";"2023-01-10 12:55:00";"Meran/o (Var.)";"";"";"";"Malles - Mals";"";"";"";"Singola";"NP";"";"";"";"OK";"OK"
"2023-01-10";"23-int";"7016";"2023-01-10 12:20:00";"2023-01-10 13:25:00";"Malles - Mals";"";"";"";"Meran/o (Var.)";"";"";"";"Doppia";"NP";"";"";"";"OK";"OK"
"2023-01-10";"23-int";"7015";"2023-01-10 12:35:00";"2023-01-10 13:38:00";"Meran/o (Var.)";"";"";"";"Malles - Mals";"";"";"";"Doppia";"NP";"";"";"";"OK";"OK"
"2023-01-10";"23-int";"7046";"2023-01-10 13:03:00";"2023-01-10 13:57:00";"Malles - Mals";"";"";"";"Meran/o (Var.)";"";"";"";"Singola";"NP";"";"";"";"OK";"OK"
"2023-01-10";"23-int";"7018";"2023-01-10 13:20:00";"2023-01-10 14:25:00";"Malles - Mals";"";"";"";"Meran/o (Var.)";"";"";"";"Singola";"NP";"";"";"";"OK";"OK"
"2023-01-10";"23-int";"7017";"2023-01-10 13:31:00";"2023-01-10 14:38:00";"Meran/o (Var.)";"";"";"";"Malles - Mals";"";"";"";"Doppia";"NP";"";"";"";"OK";"OK"
"2023-01-10";"23-int";"7047";"2023-01-10 14:02:00";"2023-01-10 14:55:00";"Meran/o (Var.)";"";"";"";"Malles - Mals";"";"";"";"Doppia";"NP";"";"";"";"OK";"OK"
"2023-01-10";"23-int";"7020";"2023-01-10 14:20:00";"2023-01-10 15:25:00";"Malles - Mals";"";"";"";"Meran/o (Var.)";"";"";"";"Doppia";"NP";"";"";"";"OK";"OK"
"2023-01-10";"23-int";"7019";"2023-01-10 14:35:00";"2023-01-10 15:38:00";"Meran/o (Var.)";"";"";"";"Malles - Mals";"";"";"";"Singola";"NP";"";"";"";"OK";"OK"
"2023-01-10";"23-int";"7048";"2023-01-10 15:03:00";"2023-01-10 15:57:00";"Malles - Mals";"";"";"";"Meran/o (Var.)";"";"";"";"Doppia";"NP";"";"";"";"OK";"OK"
"2023-01-10";"23-int";"7022";"2023-01-10 15:20:00";"2023-01-10 16:25:00";"Malles - Mals";"";"";"";"Meran/o (Var.)";"";"";"";"Doppia";"NP";"";"";"";"OK";"OK"
"2023-01-10";"23-int";"7021";"2023-01-10 15:31:00";"2023-01-10 16:38:00";"Meran/o (Var.)";"";"";"";"Malles - Mals";"";"";"";"Doppia";"NP";"";"";"";"OK";"OK"
"2023-01-10";"23-int";"7049";"2023-01-10 16:02:00";"2023-01-10 16:55:00";"Meran/o (Var.)";"";"";"";"Malles - Mals";"";"";"";"Singola";"NP";"";"";"";"OK";"OK"
"2023-01-10";"23-int";"7024";"2023-01-10 16:20:00";"2023-01-10 17:25:00";"Malles - Mals";"";"";"";"Meran/o (Var.)";"";"";"";"Doppia";"NP";"";"";"";"OK";"OK"
"2023-01-10";"23-int";"7023";"2023-01-10 16:35:00";"2023-01-10 17:38:00";"Meran/o (Var.)";"";"";"";"Malles - Mals";"";"";"";"Doppia";"NP";"";"";"";"OK";"OK"
"2023-01-10";"23-int";"7050";"2023-01-10 17:03:00";"2023-01-10 17:57:00";"Malles - Mals";"";"";"";"Meran/o (Var.)";"";"";"";"Singola";"NP";"";"";"";"OK";"OK"
"2023-01-10";"23-int";"7026";"2023-01-10 17:20:00";"2023-01-10 18:25:00";"Malles - Mals";"";"";"";"Meran/o (Var.)";"";"";"";"Singola";"NP";"";"";"";"OK";"OK"
"2023-01-10";"23-int";"7025";"2023-01-10 17:31:00";"2023-01-10 18:38:00";"Meran/o (Var.)";"";"";"";"Malles - Mals";"";"";"";"Doppia";"NP";"";"";"";"OK";"OK"
"2023-01-10";"23-int";"7051";"2023-01-10 18:02:00";"2023-01-10 18:55:00";"Meran/o (Var.)";"";"";"";"Malles - Mals";"";"";"";"Doppia";"NP";"";"";"";"OK";"OK"
"2023-01-10";"23-int";"7028";"2023-01-10 18:20:00";"2023-01-10 19:25:00";"Malles - Mals";"";"";"";"Meran/o (Var.)";"";"";"";"Singola";"NP";"";"";"";"OK";"OK"
"2023-01-10";"23-int";"7027";"2023-01-10 18:35:00";"2023-01-10 19:38:00";"Meran/o (Var.)";"";"";"";"Malles - Mals";"";"";"";"Singola";"NP";"";"";"";"OK";"OK"
"2023-01-10";"23-int";"7052";"2023-01-10 19:03:00";"2023-01-10 19:57:00";"Malles - Mals";"";"";"";"Meran/o (Var.)";"";"";"";"Singola";"NP";"";"";"";"OK";"OK"
"2023-01-10";"23-int";"7030";"2023-01-10 19:20:00";"2023-01-10 20:25:00";"Malles - Mals";"";"";"";"Meran/o (Var.)";"";"";"";"Singola";"NP";"";"";"";"OK";"OK"
"2023-01-10";"23-int";"7029";"2023-01-10 19:31:00";"2023-01-10 20:38:00";"Meran/o (Var.)";"";"";"";"Malles - Mals";"";"";"";"Singola";"NP";"";"";"";"OK";"OK"
"2023-01-10";"23-int";"7031";"2023-01-10 20:00:00";"2023-01-10 20:55:00";"Meran/o (Var.)";"";"";"";"Malles - Mals";"";"";"";"Singola";"NP";"";"";"";"OK";"OK"
"2023-01-10";"23-int";"7032";"2023-01-10 20:20:00";"2023-01-10 21:25:00";"Malles - Mals";"";"";"";"Meran/o (Var.)";"";"";"";"Doppia";"NP";"";"";"";"OK";"OK"
"2023-01-10";"23-int";"7033";"2023-01-10 21:00:00";"2023-01-10 21:55:00";"Meran/o (Var.)";"";"";"";"Malles - Mals";"";"";"";"Singola";"NP";"";"";"";"OK";"OK"
"2023-01-10";"23-int";"7034";"2023-01-10 21:20:00";"2023-01-10 22:25:00";"Malles - Mals";"";"";"";"Meran/o (Var.)";"";"";"";"Singola";"NP";"";"";"";"OK";"OK"
"2023-01-10";"23-int";"7035";"2023-01-10 22:00:00";"2023-01-10 22:55:00";"Meran/o (Var.)";"";"";"";"Malles - Mals";"";"";"";"Singola";"NP";"";"";"";"OK";"OK"
"2023-01-10";"23-int";"7037";"2023-01-10 23:00:00";"2023-01-10 23:55:00";"Meran/o (Var.)";"";"";"";"Malles - Mals";"";"";"";"Singola";"NP";"";"";"";"OK";"OK"
"2023-01-11";"23-int";"7000";"2023-01-11 05:18:00";"2023-01-11 06:12:00";"Malles - Mals";"";"";"";"Meran/o (Var.)";"";"";"";"Singola";"NP";"";"";"";"OK";"OK"
"2023-01-11";"23-int";"7002";"2023-01-11 05:40:00";"2023-01-11 06:37:00";"Malles - Mals";"";"";"";"Meran/o (Var.)";"";"";"";"Doppia";"NP";"";"";"";"OK";"OK"
"2023-01-11";"23-int";"7001";"2023-01-11 05:48:00";"2023-01-11 06:53:00";"Meran/o (Var.)";"";"";"";"Malles - Mals";"";"";"";"Doppia";"NP";"";"";"";"OK";"OK"
"2023-01-11";"23-int";"7004";"2023-01-11 06:16:00";"2023-01-11 07:16:00";"Malles - Mals";"";"";"";"Meran/o (Var.)";"";"";"";"Doppia";"NP";"";"";"";"OK";"OK"
"2023-01-11";"23-int";"7003";"2023-01-11 06:52:00";"2023-01-11 07:54:00";"Meran/o (Var.)";"";"";"";"Malles - Mals";"";"";"";"Doppia";"NP";"";"";"";"OK";"OK"
"2023-01-11";"23-int";"7040";"2023-01-11 07:01:00";"2023-01-11 07:57:00";"Malles - Mals";"";"";"";"Meran/o (Var.)";"";"";"";"Doppia";"NP";"";"";"";"OK";"OK"
"2023-01-11";"23-int";"7006";"2023-01-11 07:20:00";"2023-01-11 08:25:00";"Malles - Mals";"";"";"";"Meran/o (Var.)";"";"";"";"Singola";"NP";"";"";"";"OK";"OK"
"2023-01-11";"23-int";"7005";"2023-01-11 07:31:00";"2023-01-11 08:38:00";"Meran/o (Var.)";"";"";"";"Malles - Mals";"";"";"";"Doppia";"NP";"";"";"";"OK";"OK"
"2023-01-11";"23-int";"7041";"2023-01-11 08:02:00";"2023-01-11 08:55:00";"Meran/o (Var.)";"";"";"";"Malles - Mals";"";"";"";"Singola";"NP";"";"";"";"OK";"OK"
"2023-01-11";"23-int";"7008";"2023-01-11 08:20:00";"2023-01-11 09:25:00";"Malles - Mals";"";"";"";"Meran/o (Var.)";"";"";"";"Doppia";"NP";"";"";"";"OK";"OK"
"2023-01-11";"23-int";"7007";"2023-01-11 08:35:00";"2023-01-11 09:38:00";"Meran/o (Var.)";"";"";"";"Malles - Mals";"";"";"";"Singola";"NP";"";"";"";"OK";"OK"
"2023-01-11";"23-int";"7042";"2023-01-11 09:03:00";"2023-01-11 09:57:00";"Malles - Mals";"";"";"";"Meran/o (Var.)";"";"";"";"Singola";"NP";"";"";"";"OK";"OK"
"2023-01-11";"23-int";"7010";"2023-01-11 09:20:00";"2023-01-11 10:25:00";"Malles - Mals";"";"";"";"Meran/o (Var.)";"";"";"";"Doppia";"NP";"";"";"";"OK";"OK"
"2023-01-11";"23-int";"7009";"2023-01-11 09:31:00";"2023-01-11 10:38:00";"Meran/o (Var.)";"";"";"";"Malles - Mals";"";"";"";"Doppia";"NP";"";"";"";"OK";"OK"
"2023-01-11";"23-int";"7043";"2023-01-11 10:02:00";"2023-01-11 10:55:00";"Meran/o (Var.)";"";"";"";"Malles - Mals";"";"";"";"Doppia";"NP";"";"";"";"OK";"OK"
"2023-01-11";"23-int";"7012";"2023-01-11 10:20:00";"2023-01-11 11:25:00";"Malles - Mals";"";"";"";"Meran/o (Var.)";"";"";"";"Singola";"NP";"";"";"";"OK";"OK"
"2023-01-11";"23-int";"7011";"2023-01-11 10:35:00";"2023-01-11 11:38:00";"Meran/o (Var.)";"";"";"";"Malles - Mals";"";"";"";"Doppia";"NP";"";"";"";"OK";"OK"
"2023-01-11";"23-int";"7044";"2023-01-11 11:03:00";"2023-01-11 11:57:00";"Malles - Mals";"";"";"";"Meran/o (Var.)";"";"";"";"Doppia";"NP";"";"";"";"OK";"OK"
"2023-01-11";"23-int";"7014";"2023-01-11 11:20:00";"2023-01-11 12:25:00";"Malles - Mals";"";"";"";"Meran/o (Var.)";"";"";"";"Doppia";"NP";"";"";"";"OK";"OK"
"2023-01-11";"23-int";"7013";"2023-01-11 11:31:00";"2023-01-11 12:38:00";"Meran/o (Var.)";"";"";"";"Malles - Mals";"";"";"";"Singola";"NP";"";"";"";"OK";"OK"
"2023-01-11";"23-int";"7045";"2023-01-11 12:02:00";"2023-01-11 12:55:00";"Meran/o (Var.)";"";"";"";"Malles - Mals";"";"";"";"Singola";"NP";"";"";"";"OK";"OK"
"2023-01-11";"23-int";"7016";"2023-01-11 12:20:00";"2023-01-11 13:25:00";"Malles - Mals";"";"";"";"Meran/o (Var.)";"";"";"";"Doppia";"NP";"";"";"";"OK";"OK"
"2023-01-11";"23-int";"7015";"2023-01-11 12:35:00";"2023-01-11 13:38:00";"Meran/o (Var.)";"";"";"";"Malles - Mals";"";"";"";"Doppia";"NP";"";"";"";"OK";"OK"
"2023-01-11";"23-int";"7046";"2023-01-11 13:03:00";"2023-01-11 13:57:00";"Malles - Mals";"";"";"";"Meran/o (Var.)";"";"";"";"Singola";"NP";"";"";"";"OK";"OK"
"2023-01-11";"23-int";"7018";"2023-01-11 13:20:00";"2023-01-11 14:25:00";"Malles - Mals";"";"";"";"Meran/o (Var.)";"";"";"";"Singola";"NP";"";"";"";"OK";"OK"
"2023-01-11";"23-int";"7017";"2023-01-11 13:31:00";"2023-01-11 14:38:00";"Meran/o (Var.)";"";"";"";"Malles - Mals";"";"";"";"Doppia";"NP";"";"";"";"OK";"OK"
"2023-01-11";"23-int";"7047";"2023-01-11 14:02:00";"2023-01-11 14:55:00";"Meran/o (Var.)";"";"";"";"Malles - Mals";"";"";"";"Doppia";"NP";"";"";"";"OK";"OK"
"2023-01-11";"23-int";"7020";"2023-01-11 14:20:00";"2023-01-11 15:25:00";"Malles - Mals";"";"";"";"Meran/o (Var.)";"";"";"";"Doppia";"NP";"";"";"";"OK";"OK"
"2023-01-11";"23-int";"7019";"2023-01-11 14:35:00";"2023-01-11 15:38:00";"Meran/o (Var.)";"";"";"";"Malles - Mals";"";"";"";"Singola";"NP";"";"";"";"OK";"OK"
"2023-01-11";"23-int";"7048";"2023-01-11 15:03:00";"2023-01-11 15:57:00";"Malles - Mals";"";"";"";"Meran/o (Var.)";"";"";"";"Doppia";"NP";"";"";"";"OK";"OK"
"2023-01-11";"23-int";"7022";"2023-01-11 15:20:00";"2023-01-11 16:25:00";"Malles - Mals";"";"";"";"Meran/o (Var.)";"";"";"";"Doppia";"NP";"";"";"";"OK";"OK"
"2023-01-11";"23-int";"7021";"2023-01-11 15:31:00";"2023-01-11 16:38:00";"Meran/o (Var.)";"";"";"";"Malles - Mals";"";"";"";"Doppia";"NP";"";"";"";"OK";"OK"
"2023-01-11";"23-int";"7049";"2023-01-11 16:02:00";"2023-01-11 16:55:00";"Meran/o (Var.)";"";"";"";"Malles - Mals";"";"";"";"Singola";"NP";"";"";"";"OK";"OK"
"2023-01-11";"23-int";"7024";"2023-01-11 16:20:00";"2023-01-11 17:25:00";"Malles - Mals";"";"";"";"Meran/o (Var.)";"";"";"";"Doppia";"NP";"";"";"";"OK";"OK"
"2023-01-11";"23-int";"7023";"2023-01-11 16:35:00";"2023-01-11 17:38:00";"Meran/o (Var.)";"";"";"";"Malles - Mals";"";"";"";"Doppia";"NP";"";"";"";"OK";"OK"
"2023-01-11";"23-int";"7050";"2023-01-11 17:03:00";"2023-01-11 17:57:00";"Malles - Mals";"";"";"";"Meran/o (Var.)";"";"";"";"Singola";"NP";"";"";"";"OK";"OK"
"2023-01-11";"23-int";"7026";"2023-01-11 17:20:00";"2023-01-11 18:25:00";"Malles - Mals";"";"";"";"Meran/o (Var.)";"";"";"";"Singola";"NP";"";"";"";"OK";"OK"
"2023-01-11";"23-int";"7025";"2023-01-11 17:31:00";"2023-01-11 18:38:00";"Meran/o (Var.)";"";"";"";"Malles - Mals";"";"";"";"Doppia";"NP";"";"";"";"OK";"OK"
"2023-01-11";"23-int";"7051";"2023-01-11 18:02:00";"2023-01-11 18:55:00";"Meran/o (Var.)";"";"";"";"Malles - Mals";"";"";"";"Doppia";"NP";"";"";"";"OK";"OK"
"2023-01-11";"23-int";"7028";"2023-01-11 18:20:00";"2023-01-11 19:25:00";"Malles - Mals";"";"";"";"Meran/o (Var.)";"";"";"";"Singola";"NP";"";"";"";"OK";"OK"
"2023-01-11";"23-int";"7027";"2023-01-11 18:35:00";"2023-01-11 19:38:00";"Meran/o (Var.)";"";"";"";"Malles - Mals";"";"";"";"Singola";"NP";"";"";"";"OK";"OK"
"2023-01-11";"23-int";"7052";"2023-01-11 19:03:00";"2023-01-11 19:57:00";"Malles - Mals";"";"";"";"Meran/o (Var.)";"";"";"";"Singola";"NP";"";"";"";"OK";"OK"
"2023-01-11";"23-int";"7030";"2023-01-11 19:20:00";"2023-01-11 20:25:00";"Malles - Mals";"";"";"";"Meran/o (Var.)";"";"";"";"Singola";"NP";"";"";"";"OK";"OK"
"2023-01-11";"23-int";"7029";"2023-01-11 19:31:00";"2023-01-11 20:38:00";"Meran/o (Var.)";"";"";"";"Malles - Mals";"";"";"";"Singola";"NP";"";"";"";"OK";"OK"
"2023-01-11";"23-int";"7031";"2023-01-11 20:00:00";"2023-01-11 20:55:00";"Meran/o (Var.)";"";"";"";"Malles - Mals";"";"";"";"Singola";"NP";"";"";"";"OK";"OK"
"2023-01-11";"23-int";"7032";"2023-01-11 20:20:00";"2023-01-11 21:25:00";"Malles - Mals";"";"";"";"Meran/o (Var.)";"";"";"";"Doppia";"NP";"";"";"";"OK";"OK"
"2023-01-11";"23-int";"7033";"2023-01-11 21:00:00";"2023-01-11 21:55:00";"Meran/o (Var.)";"";"";"";"Malles - Mals";"";"";"";"Singola";"NP";"";"";"";"OK";"OK"
"2023-01-11";"23-int";"7034";"2023-01-11 21:20:00";"2023-01-11 22:25:00";"Malles - Mals";"";"";"";"Meran/o (Var.)";"";"";"";"Singola";"NP";"";"";"";"OK";"OK"
"2023-01-11";"23-int";"7035";"2023-01-11 22:00:00";"2023-01-11 22:55:00";"Meran/o (Var.)";"";"";"";"Malles - Mals";"";"";"";"Singola";"NP";"";"";"";"OK";"OK"
"2023-01-11";"23-int";"7037";"2023-01-11 23:00:00";"2023-01-11 23:55:00";"Meran/o (Var.)";"";"";"";"Malles - Mals";"";"";"";"Singola";"NP";"";"";"";"OK";"OK"
"2023-01-12";"23-int";"7000";"2023-01-12 05:18:00";"2023-01-12 06:12:00";"Malles - Mals";"";"";"";"Meran/o (Var.)";"";"";"";"Singola";"NP";"";"";"";"OK";"OK"
"2023-01-12";"23-int";"7002";"2023-01-12 05:40:00";"2023-01-12 06:37:00";"Malles - Mals";"";"";"";"Meran/o (Var.)";"";"";"";"Doppia";"NP";"";"";"";"OK";"OK"
"2023-01-12";"23-int";"7001";"2023-01-12 05:48:00";"2023-01-12 06:53:00";"Meran/o (Var.)";"";"";"";"Malles - Mals";"";"";"";"Doppia";"NP";"";"";"";"OK";"OK"
"2023-01-12";"23-int";"7004";"2023-01-12 06:16:00";"2023-01-12 07:16:00";"Malles - Mals";"";"";"";"Meran/o (Var.)";"";"";"";"Doppia";"NP";"";"";"";"OK";"OK"
"2023-01-12";"23-int";"7003";"2023-01-12 06:52:00";"2023-01-12 07:54:00";"Meran/o (Var.)";"";"";"";"Malles - Mals";"";"";"";"Doppia";"NP";"";"";"";"OK";"OK"
"2023-01-12";"23-int";"7040";"2023-01-12 07:01:00";"2023-01-12 07:57:00";"Malles - Mals";"";"";"";"Meran/o (Var.)";"";"";"";"Doppia";"NP";"";"";"";"OK";"OK"
"2023-01-12";"23-int";"7006";"2023-01-12 07:20:00";"2023-01-12 08:25:00";"Malles - Mals";"";"";"";"Meran/o (Var.)";"";"";"";"Singola";"NP";"";"";"";"OK";"OK"
"2023-01-12";"23-int";"7005";"2023-01-12 07:31:00";"2023-01-12 08:38:00";"Meran/o (Var.)";"";"";"";"Malles - Mals";"";"";"";"Doppia";"NP";"";"";"";"OK";"OK"
"2023-01-12";"23-int";"7041";"2023-01-12 08:02:00";"2023-01-12 08:55:00";"Meran/o (Var.)";"";"";"";"Malles - Mals";"";"";"";"Singola";"NP";"";"";"";"OK";"OK"
"2023-01-12";"23-int";"7008";"2023-01-12 08:20:00";"2023-01-12 09:25:00";"Malles - Mals";"";"";"";"Meran/o (Var.)";"";"";"";"Doppia";"NP";"";"";"";"OK";"OK"
"2023-01-12";"23-int";"7007";"2023-01-12 08:35:00";"2023-01-12 09:38:00";"Meran/o (Var.)";"";"";"";"Malles - Mals";"";"";"";"Singola";"NP";"";"";"";"OK";"OK"
"2023-01-12";"23-int";"7042";"2023-01-12 09:03:00";"2023-01-12 09:57:00";"Malles - Mals";"";"";"";"Meran/o (Var.)";"";"";"";"Singola";"NP";"";"";"";"OK";"OK"
"2023-01-12";"23-int";"7010";"2023-01-12 09:20:00";"2023-01-12 10:25:00";"Malles - Mals";"";"";"";"Meran/o (Var.)";"";"";"";"Doppia";"NP";"";"";"";"OK";"OK"
"2023-01-12";"23-int";"7009";"2023-01-12 09:31:00";"2023-01-12 10:38:00";"Meran/o (Var.)";"";"";"";"Malles - Mals";"";"";"";"Doppia";"NP";"";"";"";"OK";"OK"
"2023-01-12";"23-int";"7043";"2023-01-12 10:02:00";"2023-01-12 10:55:00";"Meran/o (Var.)";"";"";"";"Malles - Mals";"";"";"";"Doppia";"NP";"";"";"";"OK";"OK"
"2023-01-12";"23-int";"7012";"2023-01-12 10:20:00";"2023-01-12 11:25:00";"Malles - Mals";"";"";"";"Meran/o (Var.)";"";"";"";"Singola";"NP";"";"";"";"OK";"OK"
"2023-01-12";"23-int";"7011";"2023-01-12 10:35:00";"2023-01-12 11:38:00";"Meran/o (Var.)";"";"";"";"Malles - Mals";"";"";"";"Doppia";"NP";"";"";"";"OK";"OK"
"2023-01-12";"23-int";"7044";"2023-01-12 11:03:00";"2023-01-12 11:57:00";"Malles - Mals";"";"";"";"Meran/o (Var.)";"";"";"";"Doppia";"NP";"";"";"";"OK";"OK"
"2023-01-12";"23-int";"7014";"2023-01-12 11:20:00";"2023-01-12 12:25:00";"Malles - Mals";"";"";"";"Meran/o (Var.)";"";"";"";"Doppia";"NP";"";"";"";"OK";"OK"
"2023-01-12";"23-int";"7013";"2023-01-12 11:31:00";"2023-01-12 12:38:00";"Meran/o (Var.)";"";"";"";"Malles - Mals";"";"";"";"Singola";"NP";"";"";"";"OK";"OK"
"2023-01-12";"23-int";"7045";"2023-01-12 12:02:00";"2023-01-12 12:55:00";"Meran/o (Var.)";"";"";"";"Malles - Mals";"";"";"";"Singola";"NP";"";"";"";"OK";"OK"
"2023-01-12";"23-int";"7016";"2023-01-12 12:20:00";"2023-01-12 13:25:00";"Malles - Mals";"";"";"";"Meran/o (Var.)";"";"";"";"Doppia";"NP";"";"";"";"OK";"OK"
"2023-01-12";"23-int";"7015";"2023-01-12 12:35:00";"2023-01-12 13:38:00";"Meran/o (Var.)";"";"";"";"Malles - Mals";"";"";"";"Doppia";"NP";"";"";"";"OK";"OK"
"2023-01-12";"23-int";"7046";"2023-01-12 13:03:00";"2023-01-12 13:57:00";"Malles - Mals";"";"";"";"Meran/o (Var.)";"";"";"";"Singola";"NP";"";"";"";"OK";"OK"
"2023-01-12";"23-int";"7018";"2023-01-12 13:20:00";"2023-01-12 14:25:00";"Malles - Mals";"";"";"";"Meran/o (Var.)";"";"";"";"Singola";"NP";"";"";"";"OK";"OK"
"2023-01-12";"23-int";"7017";"2023-01-12 13:31:00";"2023-01-12 14:38:00";"Meran/o (Var.)";"";"";"";"Malles - Mals";"";"";"";"Doppia";"NP";"";"";"";"OK";"OK"
"2023-01-12";"23-int";"7047";"2023-01-12 14:02:00";"2023-01-12 14:55:00";"Meran/o (Var.)";"";"";"";"Malles - Mals";"";"";"";"Doppia";"NP";"";"";"";"OK";"OK"
"2023-01-12";"23-int";"7020";"2023-01-12 14:20:00";"2023-01-12 15:25:00";"Malles - Mals";"";"";"";"Meran/o (Var.)";"";"";"";"Doppia";"NP";"";"";"";"OK";"OK"
"2023-01-12";"23-int";"7019";"2023-01-12 14:35:00";"2023-01-12 15:38:00";"Meran/o (Var.)";"";"";"";"Malles - Mals";"";"";"";"Singola";"NP";"";"";"";"OK";"OK"
"2023-01-12";"23-int";"7048";"2023-01-12 15:03:00";"2023-01-12 15:57:00";"Malles - Mals";"";"";"";"Meran/o (Var.)";"";"";"";"Doppia";"NP";"";"";"";"OK";"OK"
"2023-01-12";"23-int";"7022";"2023-01-12 15:20:00";"2023-01-12 16:25:00";"Malles - Mals";"";"";"";"Meran/o (Var.)";"";"";"";"Doppia";"NP";"";"";"";"OK";"OK"
"2023-01-12";"23-int";"7021";"2023-01-12 15:31:00";"2023-01-12 16:38:00";"Meran/o (Var.)";"";"";"";"Malles - Mals";"";"";"";"Doppia";"NP";"";"";"";"OK";"OK"
"2023-01-12";"23-int";"7049";"2023-01-12 16:02:00";"2023-01-12 16:55:00";"Meran/o (Var.)";"";"";"";"Malles - Mals";"";"";"";"Singola";"NP";"";"";"";"OK";"OK"
"2023-01-12";"23-int";"7024";"2023-01-12 16:20:00";"2023-01-12 17:25:00";"Malles - Mals";"";"";"";"Meran/o (Var.)";"";"";"";"Doppia";"NP";"";"";"";"OK";"OK"
"2023-01-12";"23-int";"7023";"2023-01-12 16:35:00";"2023-01-12 17:38:00";"Meran/o (Var.)";"";"";"";"Malles - Mals";"";"";"";"Doppia";"NP";"";"";"";"OK";"OK"
"2023-01-12";"23-int";"7050";"2023-01-12 17:03:00";"2023-01-12 17:57:00";"Malles - Mals";"";"";"";"Meran/o (Var.)";"";"";"";"Singola";"NP";"";"";"";"OK";"OK"
"2023-01-12";"23-int";"7026";"2023-01-12 17:20:00";"2023-01-12 18:25:00";"Malles - Mals";"";"";"";"Meran/o (Var.)";"";"";"";"Singola";"NP";"";"";"";"OK";"OK"
"2023-01-12";"23-int";"7025";"2023-01-12 17:31:00";"2023-01-12 18:38:00";"Meran/o (Var.)";"";"";"";"Malles - Mals";"";"";"";"Doppia";"NP";"";"";"";"OK";"OK"
"2023-01-12";"23-int";"7051";"2023-01-12 18:02:00";"2023-01-12 18:55:00";"Meran/o (Var.)";"";"";"";"Malles - Mals";"";"";"";"Doppia";"NP";"";"";"";"OK";"OK"
"2023-01-12";"23-int";"7028";"2023-01-12 18:20:00";"2023-01-12 19:25:00";"Malles - Mals";"";"";"";"Meran/o (Var.)";"";"";"";"Singola";"NP";"";"";"";"OK";"OK"
"2023-01-12";"23-int";"7027";"2023-01-12 18:35:00";"2023-01-12 19:38:00";"Meran/o (Var.)";"";"";"";"Malles - Mals";"";"";"";"Singola";"NP";"";"";"";"OK";"OK"
"2023-01-12";"23-int";"7052";"2023-01-12 19:03:00";"2023-01-12 19:57:00";"Malles - Mals";"";"";"";"Meran/o (Var.)";"";"";"";"Singola";"NP";"";"";"";"OK";"OK"
"2023-01-12";"23-int";"7030";"2023-01-12 19:20:00";"2023-01-12 20:25:00";"Malles - Mals";"";"";"";"Meran/o (Var.)";"";"";"";"Singola";"NP";"";"";"";"OK";"OK"
"2023-01-12";"23-int";"7029";"2023-01-12 19:31:00";"2023-01-12 20:38:00";"Meran/o (Var.)";"";"";"";"Malles - Mals";"";"";"";"Singola";"NP";"";"";"";"OK";"OK"
"2023-01-12";"23-int";"7031";"2023-01-12 20:00:00";"2023-01-12 20:55:00";"Meran/o (Var.)";"";"";"";"Malles - Mals";"";"";"";"Singola";"NP";"";"";"";"OK";"OK"
"2023-01-12";"23-int";"7032";"2023-01-12 20:20:00";"2023-01-12 21:25:00";"Malles - Mals";"";"";"";"Meran/o (Var.)";"";"";"";"Doppia";"NP";"";"";"";"OK";"OK"
"2023-01-12";"23-int";"7033";"2023-01-12 21:00:00";"2023-01-12 21:55:00";"Meran/o (Var.)";"";"";"";"Malles - Mals";"";"";"";"Singola";"NP";"";"";"";"OK";"OK"
"2023-01-12";"23-int";"7034";"2023-01-12 21:20:00";"2023-01-12 22:25:00";"Malles - Mals";"";"";"";"Meran/o (Var.)";"";"";"";"Singola";"NP";"";"";"";"OK";"OK"
"2023-01-12";"23-int";"7035";"2023-01-12 22:00:00";"2023-01-12 22:55:00";"Meran/o (Var.)";"";"";"";"Malles - Mals";"";"";"";"Singola";"NP";"";"";"";"OK";"OK"
"2023-01-12";"23-int";"7037";"2023-01-12 23:00:00";"2023-01-12 23:55:00";"Meran/o (Var.)";"";"";"";"Malles - Mals";"";"";"";"Singola";"NP";"";"";"";"OK";"OK"
"2023-01-13";"23-int";"7000";"2023-01-13 05:18:00";"2023-01-13 06:12:00";"Malles - Mals";"";"";"";"Meran/o (Var.)";"";"";"";"Singola";"NP";"";"";"";"OK";"OK"
"2023-01-13";"23-int";"7002";"2023-01-13 05:40:00";"2023-01-13 06:37:00";"Malles - Mals";"";"";"";"Meran/o (Var.)";"";"";"";"Doppia";"NP";"";"";"";"OK";"OK"
"2023-01-13";"23-int";"7001";"2023-01-13 05:48:00";"2023-01-13 06:53:00";"Meran/o (Var.)";"";"";"";"Malles - Mals";"";"";"";"Doppia";"NP";"";"";"";"OK";"OK"
"2023-01-13";"23-int";"7004";"2023-01-13 06:16:00";"2023-01-13 07:16:00";"Malles - Mals";"";"";"";"Meran/o (Var.)";"";"";"";"Doppia";"NP";"";"";"";"OK";"OK"
"2023-01-13";"23-int";"7003";"2023-01-13 06:52:00";"2023-01-13 07:54:00";"Meran/o (Var.)";"";"";"";"Malles - Mals";"";"";"";"Doppia";"NP";"";"";"";"OK";"OK"
"2023-01-13";"23-int";"7040";"2023-01-13 07:01:00";"2023-01-13 07:57:00";"Malles - Mals";"";"";"";"Meran/o (Var.)";"";"";"";"Doppia";"NP";"";"";"";"OK";"OK"
"2023-01-13";"23-int";"7006";"2023-01-13 07:20:00";"2023-01-13 08:25:00";"Malles - Mals";"";"";"";"Meran/o (Var.)";"";"";"";"Singola";"NP";"";"";"";"OK";"OK"
"2023-01-13";"23-int";"7005";"2023-01-13 07:31:00";"2023-01-13 08:38:00";"Meran/o (Var.)";"";"";"";"Malles - Mals";"";"";"";"Doppia";"NP";"";"";"";"OK";"OK"
"2023-01-13";"23-int";"7041";"2023-01-13 08:02:00";"2023-01-13 08:55:00";"Meran/o (Var.)";"";"";"";"Malles - Mals";"";"";"";"Singola";"NP";"";"";"";"OK";"OK"
"2023-01-13";"23-int";"7008";"2023-01-13 08:20:00";"2023-01-13 09:25:00";"Malles - Mals";"";"";"";"Meran/o (Var.)";"";"";"";"Doppia";"NP";"";"";"";"OK";"OK"
"2023-01-13";"23-int";"7007";"2023-01-13 08:35:00";"2023-01-13 09:38:00";"Meran/o (Var.)";"";"";"";"Malles - Mals";"";"";"";"Singola";"NP";"";"";"";"OK";"OK"
"2023-01-13";"23-int";"7042";"2023-01-13 09:03:00";"2023-01-13 09:57:00";"Malles - Mals";"";"";"";"Meran/o (Var.)";"";"";"";"Singola";"NP";"";"";"";"OK";"OK"
"2023-01-13";"23-int";"7010";"2023-01-13 09:20:00";"2023-01-13 10:25:00";"Malles - Mals";"";"";"";"Meran/o (Var.)";"";"";"";"Doppia";"NP";"";"";"";"OK";"OK"
"2023-01-13";"23-int";"7009";"2023-01-13 09:31:00";"2023-01-13 10:38:00";"Meran/o (Var.)";"";"";"";"Malles - Mals";"";"";"";"Doppia";"NP";"";"";"";"OK";"OK"
"2023-01-13";"23-int";"7043";"2023-01-13 10:02:00";"2023-01-13 10:55:00";"Meran/o (Var.)";"";"";"";"Malles - Mals";"";"";"";"Doppia";"NP";"";"";"";"OK";"OK"
"2023-01-13";"23-int";"7012";"2023-01-13 10:20:00";"2023-01-13 11:25:00";"Malles - Mals";"";"";"";"Meran/o (Var.)";"";"";"";"Singola";"NP";"";"";"";"OK";"OK"
"2023-01-13";"23-int";"7011";"2023-01-13 10:35:00";"2023-01-13 11:38:00";"Meran/o (Var.)";"";"";"";"Malles - Mals";"";"";"";"Doppia";"NP";"";"";"";"OK";"OK"
"2023-01-13";"23-int";"7044";"2023-01-13 11:03:00";"2023-01-13 11:57:00";"Malles - Mals";"";"";"";"Meran/o (Var.)";"";"";"";"Doppia";"NP";"";"";"";"OK";"OK"
"2023-01-13";"23-int";"7014";"2023-01-13 11:20:00";"2023-01-13 12:25:00";"Malles - Mals";"";"";"";"Meran/o (Var.)";"";"";"";"Doppia";"NP";"";"";"";"OK";"OK"
"2023-01-13";"23-int";"7013";"2023-01-13 11:31:00";"2023-01-13 12:38:00";"Meran/o (Var.)";"";"";"";"Malles - Mals";"";"";"";"Singola";"NP";"";"";"";"OK";"OK"
"2023-01-13";"23-int";"7045";"2023-01-13 12:02:00";"2023-01-13 12:55:00";"Meran/o (Var.)";"";"";"";"Malles - Mals";"";"";"";"Singola";"NP";"";"";"";"OK";"OK"
"2023-01-13";"23-int";"7016";"2023-01-13 12:20:00";"2023-01-13 13:25:00";"Malles - Mals";"";"";"";"Meran/o (Var.)";"";"";"";"Doppia";"NP";"";"";"";"OK";"OK"
"2023-01-13";"23-int";"7015";"2023-01-13 12:35:00";"2023-01-13 13:38:00";"Meran/o (Var.)";"";"";"";"Malles - Mals";"";"";"";"Doppia";"NP";"";"";"";"OK";"OK"
"2023-01-13";"23-int";"7046";"2023-01-13 13:03:00";"2023-01-13 13:57:00";"Malles - Mals";"";"";"";"Meran/o (Var.)";"";"";"";"Singola";"NP";"";"";"";"OK";"OK"
"2023-01-13";"23-int";"7018";"2023-01-13 13:20:00";"2023-01-13 14:25:00";"Malles - Mals";"";"";"";"Meran/o (Var.)";"";"";"";"Singola";"NP";"";"";"";"OK";"OK"
"2023-01-13";"23-int";"7017";"2023-01-13 13:31:00";"2023-01-13 14:38:00";"Meran/o (Var.)";"";"";"";"Malles - Mals";"";"";"";"Doppia";"NP";"";"";"";"OK";"OK"
"2023-01-13";"23-int";"7047";"2023-01-13 14:02:00";"2023-01-13 14:55:00";"Meran/o (Var.)";"";"";"";"Malles - Mals";"";"";"";"Doppia";"NP";"";"";"";"OK";"OK"
"2023-01-13";"23-int";"7020";"2023-01-13 14:20:00";"2023-01-13 15:25:00";"Malles - Mals";"";"";"";"Meran/o (Var.)";"";"";"";"Doppia";"NP";"";"";"";"OK";"OK"
"2023-01-13";"23-int";"7019";"2023-01-13 14:35:00";"2023-01-13 15:38:00";"Meran/o (Var.)";"";"";"";"Malles - Mals";"";"";"";"Singola";"NP";"";"";"";"OK";"OK"
"2023-01-13";"23-int";"7048";"2023-01-13 15:03:00";"2023-01-13 15:57:00";"Malles - Mals";"";"";"";"Meran/o (Var.)";"";"";"";"Doppia";"NP";"";"";"";"OK";"OK"
"2023-01-13";"23-int";"7022";"2023-01-13 15:20:00";"2023-01-13 16:25:00";"Malles - Mals";"";"";"";"Meran/o (Var.)";"";"";"";"Doppia";"NP";"";"";"";"OK";"OK"
"2023-01-13";"23-int";"7021";"2023-01-13 15:31:00";"2023-01-13 16:38:00";"Meran/o (Var.)";"";"";"";"Malles - Mals";"";"";"";"Doppia";"NP";"";"";"";"OK";"OK"
"2023-01-13";"23-int";"7049";"2023-01-13 16:02:00";"2023-01-13 16:55:00";"Meran/o (Var.)";"";"";"";"Malles - Mals";"";"";"";"Singola";"NP";"";"";"";"OK";"OK"
"2023-01-13";"23-int";"7024";"2023-01-13 16:20:00";"2023-01-13 17:25:00";"Malles - Mals";"";"";"";"Meran/o (Var.)";"";"";"";"Doppia";"NP";"";"";"";"OK";"OK"
"2023-01-13";"23-int";"7023";"2023-01-13 16:35:00";"2023-01-13 17:38:00";"Meran/o (Var.)";"";"";"";"Malles - Mals";"";"";"";"Doppia";"NP";"";"";"";"OK";"OK"
"2023-01-13";"23-int";"7050";"2023-01-13 17:03:00";"2023-01-13 17:57:00";"Malles - Mals";"";"";"";"Meran/o (Var.)";"";"";"";"Singola";"NP";"";"";"";"OK";"OK"
"2023-01-13";"23-int";"7026";"2023-01-13 17:20:00";"2023-01-13 18:25:00";"Malles - Mals";"";"";"";"Meran/o (Var.)";"";"";"";"Singola";"NP";"";"";"";"OK";"OK"
"2023-01-13";"23-int";"7025";"2023-01-13 17:31:00";"2023-01-13 18:38:00";"Meran/o (Var.)";"";"";"";"Malles - Mals";"";"";"";"Doppia";"NP";"";"";"";"OK";"OK"
"2023-01-13";"23-int";"7051";"2023-01-13 18:02:00";"2023-01-13 18:55:00";"Meran/o (Var.)";"";"";"";"Malles - Mals";"";"";"";"Doppia";"NP";"";"";"";"OK";"OK"
"2023-01-13";"23-int";"7028";"2023-01-13 18:20:00";"2023-01-13 19:25:00";"Malles - Mals";"";"";"";"Meran/o (Var.)";"";"";"";"Singola";"NP";"";"";"";"OK";"OK"
"2023-01-13";"23-int";"7027";"2023-01-13 18:35:00";"2023-01-13 19:38:00";"Meran/o (Var.)";"";"";"";"Malles - Mals";"";"";"";"Singola";"NP";"";"";"";"OK";"OK"
"2023-01-13";"23-int";"7052";"2023-01-13 19:03:00";"2023-01-13 19:57:00";"Malles - Mals";"";"";"";"Meran/o (Var.)";"";"";"";"Singola";"NP";"";"";"";"OK";"OK"
"2023-01-13";"23-int";"7030";"2023-01-13 19:20:00";"2023-01-13 20:25:00";"Malles - Mals";"";"";"";"Meran/o (Var.)";"";"";"";"Singola";"NP";"";"";"";"OK";"OK"
"2023-01-13";"23-int";"7029";"2023-01-13 19:31:00";"2023-01-13 20:38:00";"Meran/o (Var.)";"";"";"";"Malles - Mals";"";"";"";"Singola";"NP";"";"";"";"OK";"OK"
"2023-01-13";"23-int";"7031";"2023-01-13 20:00:00";"2023-01-13 20:55:00";"Meran/o (Var.)";"";"";"";"Malles - Mals";"";"";"";"Singola";"NP";"";"";"";"OK";"OK"
"2023-01-13";"23-int";"7032";"2023-01-13 20:20:00";"2023-01-13 21:25:00";"Malles - Mals";"";"";"";"Meran/o (Var.)";"";"";"";"Doppia";"NP";"";"";"";"OK";"OK"
"2023-01-13";"23-int";"7033";"2023-01-13 21:00:00";"2023-01-13 21:55:00";"Meran/o (Var.)";"";"";"";"Malles - Mals";"";"";"";"Singola";"NP";"";"";"";"OK";"OK"
"2023-01-13";"23-int";"7034";"2023-01-13 21:20:00";"2023-01-13 22:25:00";"Malles - Mals";"";"";"";"Meran/o (Var.)";"";"";"";"Singola";"NP";"";"";"";"OK";"OK"
"2023-01-13";"23-int";"7035";"2023-01-13 22:00:00";"2023-01-13 22:55:00";"Meran/o (Var.)";"";"";"";"Malles - Mals";"";"";"";"Singola";"NP";"";"";"";"OK";"OK"
"2023-01-13";"23-int";"7037";"2023-01-13 23:00:00";"2023-01-13 23:55:00";"Meran/o (Var.)";"";"";"";"Malles - Mals";"";"";"";"Singola";"NP";"";"";"";"OK";"OK"
"2023-01-14";"23-int";"7000";"2023-01-14 05:18:00";"2023-01-14 06:12:00";"Malles - Mals";"";"";"";"Meran/o (Var.)";"";"";"";"Singola";"NP";"";"";"";"OK";"OK"
"2023-01-14";"23-int";"7002";"2023-01-14 05:40:00";"2023-01-14 06:37:00";"Malles - Mals";"";"";"";"Meran/o (Var.)";"";"";"";"Doppia";"NP";"";"";"";"OK";"OK"
"2023-01-14";"23-int";"7001";"2023-01-14 05:48:00";"2023-01-14 06:53:00";"Meran/o (Var.)";"";"";"";"Malles - Mals";"";"";"";"Doppia";"NP";"";"";"";"OK";"OK"
"2023-01-14";"23-int";"7004";"2023-01-14 06:16:00";"2023-01-14 07:16:00";"Malles - Mals";"";"";"";"Meran/o (Var.)";"";"";"";"Doppia";"NP";"";"";"";"OK";"OK"
"2023-01-14";"23-int";"7003";"2023-01-14 06:52:00";"2023-01-14 07:54:00";"Meran/o (Var.)";"";"";"";"Malles - Mals";"";"";"";"Doppia";"NP";"";"";"";"OK";"OK"
"2023-01-14";"23-int";"7040";"2023-01-14 07:01:00";"2023-01-14 07:57:00";"Malles - Mals";"";"";"";"Meran/o (Var.)";"";"";"";"Singola";"NP";"";"";"";"OK";"OK"
"2023-01-14";"23-int";"7006";"2023-01-14 07:20:00";"2023-01-14 08:25:00";"Malles - Mals";"";"";"";"Meran/o (Var.)";"";"";"";"Singola";"NP";"";"";"";"OK";"OK"
"2023-01-14";"23-int";"7005";"2023-01-14 07:31:00";"2023-01-14 08:38:00";"Meran/o (Var.)";"";"";"";"Malles - Mals";"";"";"";"Doppia";"NP";"";"";"";"OK";"OK"
"2023-01-14";"23-int";"7041";"2023-01-14 08:02:00";"2023-01-14 08:55:00";"Meran/o (Var.)";"";"";"";"Malles - Mals";"";"";"";"Singola";"NP";"";"";"";"OK";"OK"
"2023-01-14";"23-int";"7008";"2023-01-14 08:20:00";"2023-01-14 09:25:00";"Malles - Mals";"";"";"";"Meran/o (Var.)";"";"";"";"Doppia";"NP";"";"";"";"OK";"OK"
"2023-01-14";"23-int";"7007";"2023-01-14 08:35:00";"2023-01-14 09:38:00";"Meran/o (Var.)";"";"";"";"Malles - Mals";"";"";"";"Singola";"NP";"";"";"";"OK";"OK"
"2023-01-14";"23-int";"7042";"2023-01-14 09:03:00";"2023-01-14 09:57:00";"Malles - Mals";"";"";"";"Meran/o (Var.)";"";"";"";"Doppia";"NP";"";"";"";"OK";"OK"
"2023-01-14";"23-int";"7010";"2023-01-14 09:20:00";"2023-01-14 10:25:00";"Malles - Mals";"";"";"";"Meran/o (Var.)";"";"";"";"Singola";"NP";"";"";"";"OK";"OK"
"2023-01-14";"23-int";"7009";"2023-01-14 09:31:00";"2023-01-14 10:38:00";"Meran/o (Var.)";"";"";"";"Malles - Mals";"";"";"";"Singola";"NP";"";"";"";"OK";"OK"
"2023-01-14";"23-int";"7043";"2023-01-14 10:02:00";"2023-01-14 10:55:00";"Meran/o (Var.)";"";"";"";"Malles - Mals";"";"";"";"Doppia";"NP";"";"";"";"OK";"OK"
"2023-01-14";"23-int";"7012";"2023-01-14 10:20:00";"2023-01-14 11:25:00";"Malles - Mals";"";"";"";"Meran/o (Var.)";"";"";"";"Singola";"NP";"";"";"";"OK";"OK"
"2023-01-14";"23-int";"7011";"2023-01-14 10:35:00";"2023-01-14 11:38:00";"Meran/o (Var.)";"";"";"";"Malles - Mals";"";"";"";"Doppia";"NP";"";"";"";"OK";"OK"
"2023-01-14";"23-int";"7044";"2023-01-14 11:03:00";"2023-01-14 11:57:00";"Malles - Mals";"";"";"";"Meran/o (Var.)";"";"";"";"Singola";"NP";"";"";"";"OK";"OK"
"2023-01-14";"23-int";"7014";"2023-01-14 11:20:00";"2023-01-14 12:25:00";"Malles - Mals";"";"";"";"Meran/o (Var.)";"";"";"";"Doppia";"NP";"";"";"";"OK";"OK"
"2023-01-14";"23-int";"7013";"2023-01-14 11:31:00";"2023-01-14 12:38:00";"Meran/o (Var.)";"";"";"";"Malles - Mals";"";"";"";"Singola";"NP";"";"";"";"OK";"OK"
"2023-01-14";"23-int";"7045";"2023-01-14 12:02:00";"2023-01-14 12:55:00";"Meran/o (Var.)";"";"";"";"Malles - Mals";"";"";"";"Singola";"NP";"";"";"";"OK";"OK"
"2023-01-14";"23-int";"7016";"2023-01-14 12:20:00";"2023-01-14 13:25:00";"Malles - Mals";"";"";"";"Meran/o (Var.)";"";"";"";"Doppia";"NP";"";"";"";"OK";"OK"
"2023-01-14";"23-int";"7015";"2023-01-14 12:35:00";"2023-01-14 13:38:00";"Meran/o (Var.)";"";"";"";"Malles - Mals";"";"";"";"Singola";"NP";"";"";"";"OK";"OK"
"2023-01-14";"23-int";"7046";"2023-01-14 13:03:00";"2023-01-14 13:57:00";"Malles - Mals";"";"";"";"Meran/o (Var.)";"";"";"";"Singola";"NP";"";"";"";"OK";"OK"
"2023-01-14";"23-int";"7018";"2023-01-14 13:20:00";"2023-01-14 14:25:00";"Malles - Mals";"";"";"";"Meran/o (Var.)";"";"";"";"Singola";"NP";"";"";"";"OK";"OK"
"2023-01-14";"23-int";"7017";"2023-01-14 13:31:00";"2023-01-14 14:38:00";"Meran/o (Var.)";"";"";"";"Malles - Mals";"";"";"";"Doppia";"NP";"";"";"";"OK";"OK"
"2023-01-14";"23-int";"7047";"2023-01-14 14:02:00";"2023-01-14 14:55:00";"Meran/o (Var.)";"";"";"";"Malles - Mals";"";"";"";"Doppia";"NP";"";"";"";"OK";"OK"
"2023-01-14";"23-int";"7020";"2023-01-14 14:20:00";"2023-01-14 15:25:00";"Malles - Mals";"";"";"";"Meran/o (Var.)";"";"";"";"Singola";"NP";"";"";"";"OK";"OK"
"2023-01-14";"23-int";"7019";"2023-01-14 14:35:00";"2023-01-14 15:38:00";"Meran/o (Var.)";"";"";"";"Malles - Mals";"";"";"";"Singola";"NP";"";"";"";"OK";"OK"
"2023-01-14";"23-int";"7048";"2023-01-14 15:03:00";"2023-01-14 15:57:00";"Malles - Mals";"";"";"";"Meran/o (Var.)";"";"";"";"Doppia";"NP";"";"";"";"OK";"OK"
"2023-01-14";"23-int";"7022";"2023-01-14 15:20:00";"2023-01-14 16:25:00";"Malles - Mals";"";"";"";"Meran/o (Var.)";"";"";"";"Doppia";"NP";"";"";"";"OK";"OK"
"2023-01-14";"23-int";"7021";"2023-01-14 15:31:00";"2023-01-14 16:38:00";"Meran/o (Var.)";"";"";"";"Malles - Mals";"";"";"";"Singola";"NP";"";"";"";"OK";"OK"
"2023-01-14";"23-int";"7049";"2023-01-14 16:02:00";"2023-01-14 16:55:00";"Meran/o (Var.)";"";"";"";"Malles - Mals";"";"";"";"Singola";"NP";"";"";"";"OK";"OK"
"2023-01-14";"23-int";"7024";"2023-01-14 16:20:00";"2023-01-14 17:25:00";"Malles - Mals";"";"";"";"Meran/o (Var.)";"";"";"";"Singola";"NP";"";"";"";"OK";"OK"
"2023-01-14";"23-int";"7023";"2023-01-14 16:35:00";"2023-01-14 17:38:00";"Meran/o (Var.)";"";"";"";"Malles - Mals";"";"";"";"Doppia";"NP";"";"";"";"OK";"OK"
"2023-01-14";"23-int";"7050";"2023-01-14 17:03:00";"2023-01-14 17:57:00";"Malles - Mals";"";"";"";"Meran/o (Var.)";"";"";"";"Singola";"NP";"";"";"";"OK";"OK"
"2023-01-14";"23-int";"7026";"2023-01-14 17:20:00";"2023-01-14 18:25:00";"Malles - Mals";"";"";"";"Meran/o (Var.)";"";"";"";"Singola";"NP";"";"";"";"OK";"OK"
"2023-01-14";"23-int";"7025";"2023-01-14 17:31:00";"2023-01-14 18:38:00";"Meran/o (Var.)";"";"";"";"Malles - Mals";"";"";"";"Doppia";"NP";"";"";"";"OK";"OK"
"2023-01-14";"23-int";"7051";"2023-01-14 18:02:00";"2023-01-14 18:55:00";"Meran/o (Var.)";"";"";"";"Malles - Mals";"";"";"";"Singola";"NP";"";"";"";"OK";"OK"
"2023-01-14";"23-int";"7028";"2023-01-14 18:20:00";"2023-01-14 19:25:00";"Malles - Mals";"";"";"";"Meran/o (Var.)";"";"";"";"Singola";"NP";"";"";"";"OK";"OK"
"2023-01-14";"23-int";"7027";"2023-01-14 18:35:00";"2023-01-14 19:38:00";"Meran/o (Var.)";"";"";"";"Malles - Mals";"";"";"";"Singola";"NP";"";"";"";"OK";"OK"
"2023-01-14";"23-int";"7052";"2023-01-14 19:03:00";"2023-01-14 19:57:00";"Malles - Mals";"";"";"";"Meran/o (Var.)";"";"";"";"Singola";"NP";"";"";"";"OK";"OK"
"2023-01-14";"23-int";"7030";"2023-01-14 19:20:00";"2023-01-14 20:25:00";"Malles - Mals";"";"";"";"Meran/o (Var.)";"";"";"";"Singola";"NP";"";"";"";"OK";"OK"
"2023-01-14";"23-int";"7029";"2023-01-14 19:31:00";"2023-01-14 20:38:00";"Meran/o (Var.)";"";"";"";"Malles - Mals";"";"";"";"Singola";"NP";"";"";"";"OK";"OK"
"2023-01-14";"23-int";"7031";"2023-01-14 20:00:00";"2023-01-14 20:55:00";"Meran/o (Var.)";"";"";"";"Malles - Mals";"";"";"";"Singola";"NP";"";"";"";"OK";"OK"
"2023-01-14";"23-int";"7032";"2023-01-14 20:20:00";"2023-01-14 21:25:00";"Malles - Mals";"";"";"";"Meran/o (Var.)";"";"";"";"Singola";"NP";"";"";"";"OK";"OK"
"2023-01-14";"23-int";"7033";"2023-01-14 21:00:00";"2023-01-14 21:55:00";"Meran/o (Var.)";"";"";"";"Malles - Mals";"";"";"";"Singola";"NP";"";"";"";"OK";"OK"
"2023-01-14";"23-int";"7034";"2023-01-14 21:20:00";"2023-01-14 22:25:00";"Malles - Mals";"";"";"";"Meran/o (Var.)";"";"";"";"Singola";"NP";"";"";"";"OK";"OK"
"2023-01-14";"23-int";"7035";"2023-01-14 22:00:00";"2023-01-14 22:55:00";"Meran/o (Var.)";"";"";"";"Malles - Mals";"";"";"";"Singola";"NP";"";"";"";"OK";"OK"
"2023-01-14";"23-int";"7037";"2023-01-14 23:00:00";"2023-01-14 23:55:00";"Meran/o (Var.)";"";"";"";"Malles - Mals";"";"";"";"Singola";"NP";"";"";"";"OK";"OK"
"2023-01-15";"23-int";"7002";"2023-01-15 05:40:00";"2023-01-15 06:37:00";"Malles - Mals";"";"";"";"Meran/o (Var.)";"";"";"";"Doppia";"NP";"";"";"";"OK";"OK"
"2023-01-15";"23-int";"7004";"2023-01-15 06:16:00";"2023-01-15 07:16:00";"Malles - Mals";"";"";"";"Meran/o (Var.)";"";"";"";"Singola";"NP";"";"";"";"OK";"OK"
"2023-01-15";"23-int";"7003";"2023-01-15 06:52:00";"2023-01-15 07:54:00";"Meran/o (Var.)";"";"";"";"Malles - Mals";"";"";"";"Doppia";"NP";"";"";"";"OK";"OK"
"2023-01-15";"23-int";"7040";"2023-01-15 07:01:00";"2023-01-15 07:57:00";"Malles - Mals";"";"";"";"Meran/o (Var.)";"";"";"";"Doppia";"NP";"";"";"";"OK";"OK"
"2023-01-15";"23-int";"7006";"2023-01-15 07:20:00";"2023-01-15 08:25:00";"Malles - Mals";"";"";"";"Meran/o (Var.)";"";"";"";"Doppia";"NP";"";"";"";"OK";"OK"
"2023-01-15";"23-int";"7005";"2023-01-15 07:31:00";"2023-01-15 08:38:00";"Meran/o (Var.)";"";"";"";"Malles - Mals";"";"";"";"Doppia";"NP";"";"";"";"OK";"OK"
"2023-01-15";"23-int";"7041";"2023-01-15 08:02:00";"2023-01-15 08:55:00";"Meran/o (Var.)";"";"";"";"Malles - Mals";"";"";"";"Singola";"NP";"";"";"";"OK";"OK"
"2023-01-15";"23-int";"7008";"2023-01-15 08:20:00";"2023-01-15 09:25:00";"Malles - Mals";"";"";"";"Meran/o (Var.)";"";"";"";"Doppia";"NP";"";"";"";"OK";"OK"
"2023-01-15";"23-int";"7007";"2023-01-15 08:35:00";"2023-01-15 09:38:00";"Meran/o (Var.)";"";"";"";"Malles - Mals";"";"";"";"Doppia";"NP";"";"";"";"OK";"OK"
"2023-01-15";"23-int";"7042";"2023-01-15 09:03:00";"2023-01-15 09:57:00";"Malles - Mals";"";"";"";"Meran/o (Var.)";"";"";"";"Singola";"NP";"";"";"";"OK";"OK"
"2023-01-15";"23-int";"7010";"2023-01-15 09:20:00";"2023-01-15 10:25:00";"Malles - Mals";"";"";"";"Meran/o (Var.)";"";"";"";"Doppia";"NP";"";"";"";"OK";"OK"
"2023-01-15";"23-int";"7009";"2023-01-15 09:31:00";"2023-01-15 10:38:00";"Meran/o (Var.)";"";"";"";"Malles - Mals";"";"";"";"Doppia";"NP";"";"";"";"OK";"OK"
"2023-01-15";"23-int";"7043";"2023-01-15 10:02:00";"2023-01-15 10:55:00";"Meran/o (Var.)";"";"";"";"Malles - Mals";"";"";"";"Doppia";"NP";"";"";"";"OK";"OK"
"2023-01-15";"23-int";"7012";"2023-01-15 10:20:00";"2023-01-15 11:25:00";"Malles - Mals";"";"";"";"Meran/o (Var.)";"";"";"";"Doppia";"NP";"";"";"";"OK";"OK"
"2023-01-15";"23-int";"7011";"2023-01-15 10:35:00";"2023-01-15 11:38:00";"Meran/o (Var.)";"";"";"";"Malles - Mals";"";"";"";"Singola";"NP";"";"";"";"OK";"OK"
"2023-01-15";"23-int";"7044";"2023-01-15 11:03:00";"2023-01-15 11:57:00";"Malles - Mals";"";"";"";"Meran/o (Var.)";"";"";"";"Doppia";"NP";"";"";"";"OK";"OK"
"2023-01-15";"23-int";"7014";"2023-01-15 11:20:00";"2023-01-15 12:25:00";"Malles - Mals";"";"";"";"Meran/o (Var.)";"";"";"";"Doppia";"NP";"";"";"";"OK";"OK"
"2023-01-15";"23-int";"7013";"2023-01-15 11:31:00";"2023-01-15 12:38:00";"Meran/o (Var.)";"";"";"";"Malles - Mals";"";"";"";"Doppia";"NP";"";"";"";"OK";"OK"
"2023-01-15";"23-int";"7045";"2023-01-15 12:02:00";"2023-01-15 12:55:00";"Meran/o (Var.)";"";"";"";"Malles - Mals";"";"";"";"Doppia";"NP";"";"";"";"OK";"OK"
"2023-01-15";"23-int";"7016";"2023-01-15 12:20:00";"2023-01-15 13:25:00";"Malles - Mals";"";"";"";"Meran/o (Var.)";"";"";"";"Singola";"NP";"";"";"";"OK";"OK"
"2023-01-15";"23-int";"7015";"2023-01-15 12:35:00";"2023-01-15 13:38:00";"Meran/o (Var.)";"";"";"";"Malles - Mals";"";"";"";"Doppia";"NP";"";"";"";"OK";"OK"
"2023-01-15";"23-int";"7046";"2023-01-15 13:03:00";"2023-01-15 13:57:00";"Malles - Mals";"";"";"";"Meran/o (Var.)";"";"";"";"Doppia";"NP";"";"";"";"OK";"OK"
"2023-01-15";"23-int";"7018";"2023-01-15 13:20:00";"2023-01-15 14:25:00";"Malles - Mals";"";"";"";"Meran/o (Var.)";"";"";"";"Doppia";"NP";"";"";"";"OK";"OK"
"2023-01-15";"23-int";"7017";"2023-01-15 13:31:00";"2023-01-15 14:38:00";"Meran/o (Var.)";"";"";"";"Malles - Mals";"";"";"";"Doppia";"NP";"";"";"";"OK";"OK"
"2023-01-15";"23-int";"7047";"2023-01-15 14:02:00";"2023-01-15 14:55:00";"Meran/o (Var.)";"";"";"";"Malles - Mals";"";"";"";"Singola";"NP";"";"";"";"OK";"OK"
"2023-01-15";"23-int";"7020";"2023-01-15 14:20:00";"2023-01-15 15:25:00";"Malles - Mals";"";"";"";"Meran/o (Var.)";"";"";"";"Doppia";"NP";"";"";"";"OK";"OK"
"2023-01-15";"23-int";"7019";"2023-01-15 14:35:00";"2023-01-15 15:38:00";"Meran/o (Var.)";"";"";"";"Malles - Mals";"";"";"";"Doppia";"NP";"";"";"";"OK";"OK"
"2023-01-15";"23-int";"7048";"2023-01-15 15:03:00";"2023-01-15 15:57:00";"Malles - Mals";"";"";"";"Meran/o (Var.)";"";"";"";"Singola";"NP";"";"";"";"OK";"OK"
"2023-01-15";"23-int";"7022";"2023-01-15 15:20:00";"2023-01-15 16:25:00";"Malles - Mals";"";"";"";"Meran/o (Var.)";"";"";"";"Doppia";"NP";"";"";"";"OK";"OK"
"2023-01-15";"23-int";"7021";"2023-01-15 15:31:00";"2023-01-15 16:38:00";"Meran/o (Var.)";"";"";"";"Malles - Mals";"";"";"";"Doppia";"NP";"";"";"";"OK";"OK"
"2023-01-15";"23-int";"7049";"2023-01-15 16:02:00";"2023-01-15 16:55:00";"Meran/o (Var.)";"";"";"";"Malles - Mals";"";"";"";"Doppia";"NP";"";"";"";"OK";"OK"
"2023-01-15";"23-int";"7024";"2023-01-15 16:20:00";"2023-01-15 17:25:00";"Malles - Mals";"";"";"";"Meran/o (Var.)";"";"";"";"Doppia";"NP";"";"";"";"OK";"OK"
"2023-01-15";"23-int";"7023";"2023-01-15 16:35:00";"2023-01-15 17:38:00";"Meran/o (Var.)";"";"";"";"Malles - Mals";"";"";"";"Singola";"NP";"";"";"";"OK";"OK"
"2023-01-15";"23-int";"7050";"2023-01-15 17:03:00";"2023-01-15 17:57:00";"Malles - Mals";"";"";"";"Meran/o (Var.)";"";"";"";"Doppia";"NP";"";"";"";"OK";"OK"
"2023-01-15";"23-int";"7026";"2023-01-15 17:20:00";"2023-01-15 18:25:00";"Malles - Mals";"";"";"";"Meran/o (Var.)";"";"";"";"Doppia";"NP";"";"";"";"OK";"OK"
"2023-01-15";"23-int";"7025";"2023-01-15 17:31:00";"2023-01-15 18:38:00";"Meran/o (Var.)";"";"";"";"Malles - Mals";"";"";"";"Doppia";"NP";"";"";"";"OK";"OK"
"2023-01-15";"23-int";"7051";"2023-01-15 18:02:00";"2023-01-15 18:55:00";"Meran/o (Var.)";"";"";"";"Malles - Mals";"";"";"";"Doppia";"NP";"";"";"";"OK";"OK"
"2023-01-15";"23-int";"7028";"2023-01-15 18:20:00";"2023-01-15 19:25:00";"Malles - Mals";"";"";"";"Meran/o (Var.)";"";"";"";"Singola";"NP";"";"";"";"OK";"OK"
"2023-01-15";"23-int";"7027";"2023-01-15 18:35:00";"2023-01-15 19:38:00";"Meran/o (Var.)";"";"";"";"Malles - Mals";"";"";"";"Doppia";"NP";"";"";"";"OK";"OK"
"2023-01-15";"23-int";"7052";"2023-01-15 19:03:00";"2023-01-15 19:57:00";"Malles - Mals";"";"";"";"Meran/o (Var.)";"";"";"";"Doppia";"NP";"";"";"";"OK";"OK"
"2023-01-15";"23-int";"7030";"2023-01-15 19:20:00";"2023-01-15 20:25:00";"Malles - Mals";"";"";"";"Meran/o (Var.)";"";"";"";"Singola";"NP";"";"";"";"OK";"OK"
"2023-01-15";"23-int";"7029";"2023-01-15 19:31:00";"2023-01-15 20:38:00";"Meran/o (Var.)";"";"";"";"Malles - Mals";"";"";"";"Doppia";"NP";"";"";"";"OK";"OK"
"2023-01-15";"23-int";"7031";"2023-01-15 20:00:00";"2023-01-15 20:55:00";"Meran/o (Var.)";"";"";"";"Malles - Mals";"";"";"";"Singola";"NP";"";"";"";"OK";"OK"
"2023-01-15";"23-int";"7032";"2023-01-15 20:20:00";"2023-01-15 21:25:00";"Malles - Mals";"";"";"";"Meran/o (Var.)";"";"";"";"Doppia";"NP";"";"";"";"OK";"OK"
"2023-01-15";"23-int";"7033";"2023-01-15 21:00:00";"2023-01-15 21:55:00";"Meran/o (Var.)";"";"";"";"Malles - Mals";"";"";"";"Singola";"NP";"";"";"";"OK";"OK"
"2023-01-15";"23-int";"7034";"2023-01-15 21:20:00";"2023-01-15 22:25:00";"Malles - Mals";"";"";"";"Meran/o (Var.)";"7";"Ritardo altre reti";"(x) 7035 Stava";"Singola";"NP";"";"";"";"OK";"OK"
"2023-01-15";"23-int";"7035";"2023-01-15 22:00:00";"2023-01-15 22:55:00";"Meran/o (Var.)";"10";"Ritardo altre reti";"+10 attesa Bus";"Malles - Mals";"7";"Ritardo altre reti";"attesa Bus";"Singola";"NP";"";"";"";"OK";"OK"
"2023-01-15";"23-int";"7037";"2023-01-15 23:00:00";"2023-01-15 23:55:00";"Meran/o (Var.)";"6";"Ritardo altre reti";"attesa Bus";"Malles - Mals";"4";"Ritardo altre reti";"attesa Bus";"Singola";"NP";"";"";"";"OK";"OK"
"2023-01-16";"23-int";"7000";"2023-01-16 05:18:00";"2023-01-16 06:12:00";"Malles - Mals";"";"";"";"Meran/o (Var.)";"";"";"";"Singola";"NP";"";"";"";"OK";"OK"
"2023-01-16";"23-int";"7002";"2023-01-16 05:40:00";"2023-01-16 06:37:00";"Malles - Mals";"";"";"";"Meran/o (Var.)";"9";"Guasto impianti di sicurezza";"+9 (d)=GUASTO DEVIATOI TEL";"Doppia";"NP";"";"";"";"OK";"OK"
"2023-01-16";"23-int";"7001";"2023-01-16 05:48:00";"2023-01-16 06:53:00";"Meran/o (Var.)";"";"";"";"Malles - Mals";"";"";"";"Doppia";"NP";"";"";"";"OK";"OK"
"2023-01-16";"23-int";"7004";"2023-01-16 06:16:00";"2023-01-16 07:16:00";"Malles - Mals";"";"";"";"Meran/o (Var.)";"";"";"";"Doppia";"NP";"";"";"";"OK";"OK"
"2023-01-16";"23-int";"7003";"2023-01-16 06:52:00";"2023-01-16 07:54:00";"Meran/o (Var.)";"";"";"";"Malles - Mals";"";"";"";"Doppia";"NP";"";"";"";"OK";"OK"
"2023-01-16";"23-int";"7040";"2023-01-16 07:01:00";"2023-01-16 07:57:00";"Malles - Mals";"";"";"";"Meran/o (Var.)";"";"";"";"Doppia";"NP";"";"";"";"OK";"OK"
"2023-01-16";"23-int";"7006";"2023-01-16 07:20:00";"2023-01-16 08:25:00";"Malles - Mals";"";"";"";"Meran/o (Var.)";"";"";"";"Singola";"NP";"";"";"";"OK";"OK"
"2023-01-16";"23-int";"7005";"2023-01-16 07:31:00";"2023-01-16 08:38:00";"Meran/o (Var.)";"";"";"";"Malles - Mals";"";"";"";"Doppia";"NP";"";"";"";"OK";"OK"
"2023-01-16";"23-int";"7041";"2023-01-16 08:02:00";"2023-01-16 08:55:00";"Meran/o (Var.)";"";"";"";"Malles - Mals";"";"";"";"Singola";"NP";"";"";"";"OK";"OK"
"2023-01-16";"23-int";"7008";"2023-01-16 08:20:00";"2023-01-16 09:25:00";"Malles - Mals";"";"";"";"Meran/o (Var.)";"";"";"";"Doppia";"NP";"";"";"";"OK";"OK"
"2023-01-16";"23-int";"7007";"2023-01-16 08:35:00";"2023-01-16 09:38:00";"Meran/o (Var.)";"";"";"";"Malles - Mals";"";"";"";"Singola";"NP";"";"";"";"OK";"OK"
"2023-01-16";"23-int";"7042";"2023-01-16 09:03:00";"2023-01-16 09:57:00";"Malles - Mals";"";"";"";"Meran/o (Var.)";"";"";"";"Singola";"NP";"";"";"";"OK";"OK"
"2023-01-16";"23-int";"7010";"2023-01-16 09:20:00";"2023-01-16 10:25:00";"Malles - Mals";"";"";"";"Meran/o (Var.)";"";"";"";"Doppia";"NP";"";"";"";"OK";"OK"
"2023-01-16";"23-int";"7009";"2023-01-16 09:31:00";"2023-01-16 10:38:00";"Meran/o (Var.)";"";"";"";"Malles - Mals";"";"";"";"Doppia";"NP";"";"";"";"OK";"OK"
"2023-01-16";"23-int";"7043";"2023-01-16 10:02:00";"2023-01-16 10:55:00";"Meran/o (Var.)";"";"";"";"Malles - Mals";"";"";"";"Doppia";"NP";"";"";"";"OK";"OK"
"2023-01-16";"23-int";"7012";"2023-01-16 10:20:00";"2023-01-16 11:25:00";"Malles - Mals";"";"";"";"Meran/o (Var.)";"";"";"";"Singola";"NP";"";"";"";"OK";"OK"
"2023-01-16";"23-int";"7011";"2023-01-16 10:35:00";"2023-01-16 11:38:00";"Meran/o (Var.)";"";"";"";"Malles - Mals";"";"";"";"Doppia";"NP";"";"";"";"OK";"OK"
"2023-01-16";"23-int";"7044";"2023-01-16 11:03:00";"2023-01-16 11:57:00";"Malles - Mals";"";"";"";"Meran/o (Var.)";"";"";"";"Doppia";"NP";"";"";"";"OK";"OK"
"2023-01-16";"23-int";"7014";"2023-01-16 11:20:00";"2023-01-16 12:25:00";"Malles - Mals";"";"";"";"Meran/o (Var.)";"";"";"";"Doppia";"NP";"";"";"";"OK";"OK"
"2023-01-16";"23-int";"7013";"2023-01-16 11:31:00";"2023-01-16 12:38:00";"Meran/o (Var.)";"";"";"";"Malles - Mals";"";"";"";"Singola";"NP";"";"";"";"OK";"OK"
"2023-01-16";"23-int";"7045";"2023-01-16 12:02:00";"2023-01-16 12:55:00";"Meran/o (Var.)";"";"";"";"Malles - Mals";"";"";"";"Singola";"NP";"";"";"";"OK";"OK"
"2023-01-16";"23-int";"7016";"2023-01-16 12:20:00";"2023-01-16 13:25:00";"Malles - Mals";"";"";"";"Meran/o (Var.)";"";"";"";"Doppia";"NP";"";"";"";"OK";"OK"
"2023-01-16";"23-int";"7015";"2023-01-16 12:35:00";"2023-01-16 13:38:00";"Meran/o (Var.)";"";"";"";"Malles - Mals";"";"";"";"Doppia";"NP";"";"";"";"OK";"OK"
"2023-01-16";"23-int";"7046";"2023-01-16 13:03:00";"2023-01-16 13:57:00";"Malles - Mals";"";"";"";"Meran/o (Var.)";"";"";"";"Singola";"NP";"";"";"";"OK";"OK"
"2023-01-16";"23-int";"7018";"2023-01-16 13:20:00";"2023-01-16 14:25:00";"Malles - Mals";"";"";"";"Meran/o (Var.)";"";"";"";"Singola";"NP";"";"";"";"OK";"OK"
"2023-01-16";"23-int";"7017";"2023-01-16 13:31:00";"2023-01-16 14:38:00";"Meran/o (Var.)";"";"";"";"Malles - Mals";"";"";"";"Doppia";"NP";"";"";"";"OK";"OK"
"2023-01-16";"23-int";"7047";"2023-01-16 14:02:00";"2023-01-16 14:55:00";"Meran/o (Var.)";"";"";"";"Malles - Mals";"";"";"";"Doppia";"NP";"";"";"";"OK";"OK"
"2023-01-16";"23-int";"7020";"2023-01-16 14:20:00";"2023-01-16 15:25:00";"Malles - Mals";"";"";"";"Meran/o (Var.)";"";"";"";"Doppia";"NP";"";"";"";"OK";"OK"
"2023-01-16";"23-int";"7019";"2023-01-16 14:35:00";"2023-01-16 15:38:00";"Meran/o (Var.)";"";"";"";"Malles - Mals";"";"";"";"Singola";"NP";"";"";"";"OK";"OK"
"2023-01-16";"23-int";"7048";"2023-01-16 15:03:00";"2023-01-16 15:57:00";"Malles - Mals";"";"";"";"Meran/o (Var.)";"";"";"";"Doppia";"NP";"";"";"";"OK";"OK"
"2023-01-16";"23-int";"7022";"2023-01-16 15:20:00";"2023-01-16 16:25:00";"Malles - Mals";"";"";"";"Meran/o (Var.)";"";"";"";"Doppia";"NP";"";"";"";"OK";"OK"
"2023-01-16";"23-int";"7021";"2023-01-16 15:31:00";"2023-01-16 16:38:00";"Meran/o (Var.)";"";"";"";"Malles - Mals";"";"";"";"Doppia";"NP";"";"";"";"OK";"OK"
"2023-01-16";"23-int";"7049";"2023-01-16 16:02:00";"2023-01-16 16:55:00";"Meran/o (Var.)";"";"";"";"Malles - Mals";"";"";"";"Singola";"NP";"";"";"";"OK";"OK"
"2023-01-16";"23-int";"7024";"2023-01-16 16:20:00";"2023-01-16 17:25:00";"Malles - Mals";"";"";"";"Meran/o (Var.)";"";"";"";"Doppia";"NP";"";"";"";"OK";"OK"
"2023-01-16";"23-int";"7023";"2023-01-16 16:35:00";"2023-01-16 17:38:00";"Meran/o (Var.)";"";"";"";"Malles - Mals";"";"";"";"Doppia";"NP";"";"";"";"OK";"OK"
"2023-01-16";"23-int";"7050";"2023-01-16 17:03:00";"2023-01-16 17:57:00";"Malles - Mals";"";"";"";"Meran/o (Var.)";"";"";"";"Singola";"NP";"";"";"";"OK";"OK"
"2023-01-16";"23-int";"7026";"2023-01-16 17:20:00";"2023-01-16 18:25:00";"Malles - Mals";"";"";"";"Meran/o (Var.)";"";"";"";"Singola";"NP";"";"";"";"OK";"OK"
"2023-01-16";"23-int";"7025";"2023-01-16 17:31:00";"2023-01-16 18:38:00";"Meran/o (Var.)";"";"";"";"Malles - Mals";"";"";"";"Doppia";"NP";"";"";"";"OK";"OK"
"2023-01-16";"23-int";"7051";"2023-01-16 18:02:00";"2023-01-16 18:55:00";"Meran/o (Var.)";"";"";"";"Malles - Mals";"";"";"";"Doppia";"NP";"";"";"";"OK";"OK"
"2023-01-16";"23-int";"7028";"2023-01-16 18:20:00";"2023-01-16 19:25:00";"Malles - Mals";"";"";"";"Meran/o (Var.)";"";"";"";"Singola";"NP";"";"";"";"OK";"OK"
"2023-01-16";"23-int";"7027";"2023-01-16 18:35:00";"2023-01-16 19:38:00";"Meran/o (Var.)";"";"";"";"Malles - Mals";"";"";"";"Singola";"NP";"";"";"";"OK";"OK"
"2023-01-16";"23-int";"7052";"2023-01-16 19:03:00";"2023-01-16 19:57:00";"Malles - Mals";"";"";"";"Meran/o (Var.)";"";"";"";"Singola";"NP";"";"";"";"OK";"OK"
"2023-01-16";"23-int";"7030";"2023-01-16 19:20:00";"2023-01-16 20:25:00";"Malles - Mals";"";"";"";"Meran/o (Var.)";"";"";"";"Singola";"NP";"";"";"";"OK";"OK"
"2023-01-16";"23-int";"7029";"2023-01-16 19:31:00";"2023-01-16 20:38:00";"Meran/o (Var.)";"";"";"";"Malles - Mals";"";"";"";"Singola";"NP";"";"";"";"OK";"OK"
"2023-01-16";"23-int";"7031";"2023-01-16 20:00:00";"2023-01-16 20:55:00";"Meran/o (Var.)";"";"";"";"Malles - Mals";"";"";"";"Singola";"NP";"";"";"";"OK";"OK"
"2023-01-16";"23-int";"7032";"2023-01-16 20:20:00";"2023-01-16 21:25:00";"Malles - Mals";"";"";"";"Meran/o (Var.)";"";"";"";"Doppia";"NP";"";"";"";"OK";"OK"
"2023-01-16";"23-int";"7033";"2023-01-16 21:00:00";"2023-01-16 21:55:00";"Meran/o (Var.)";"";"";"";"Malles - Mals";"";"";"";"Singola";"NP";"";"";"";"OK";"OK"
"2023-01-16";"23-int";"7034";"2023-01-16 21:20:00";"2023-01-16 22:25:00";"Malles - Mals";"";"";"";"Meran/o (Var.)";"";"";"";"Singola";"NP";"";"";"";"OK";"OK"
"2023-01-16";"23-int";"7035";"2023-01-16 22:00:00";"2023-01-16 22:55:00";"Meran/o (Var.)";"";"";"";"Malles - Mals";"";"";"";"Singola";"NP";"";"";"";"OK";"OK"
"2023-01-16";"23-int";"7037";"2023-01-16 23:00:00";"2023-01-16 23:55:00";"Meran/o (Var.)";"";"";"";"Malles - Mals";"";"";"";"Singola";"NP";"";"";"";"OK";"OK"
"2023-01-17";"23-int";"7000";"2023-01-17 05:18:00";"2023-01-17 06:12:00";"Malles - Mals";"";"";"";"Meran/o (Var.)";"5";"Meteo ambientali e naturali";"+5 LENTA CORSA PER BINARIO SDRUCCIOLEVOLE CAUSA BRINA";"Singola";"NP";"";"";"";"OK";"OK"
"2023-01-17";"23-int";"7002";"2023-01-17 05:40:00";"2023-01-17 06:37:00";"Malles - Mals";"";"";"";"Meran/o (Var.)";"5";"Meteo ambientali e naturali";"+5 LENTA CORSA PER BINARIO SDRUCCIOLEVOLE CAUSA BRINA; +2 LAC (x)7001";"Doppia";"NP";"";"";"";"OK";"OK"
"2023-01-17";"23-int";"7001";"2023-01-17 05:48:00";"2023-01-17 06:53:00";"Meran/o (Var.)";"";"";"";"Malles - Mals";"2";"Meteo ambientali e naturali";"+4 STA (x)7000; +2 LENTA CORSA PER BINARIO SDRUCCIOLEVOLE CAUSA BRINA";"Doppia";"NP";"";"";"";"OK";"OK"
"2023-01-17";"23-int";"7004";"2023-01-17 06:16:00";"2023-01-17 07:16:00";"Malles - Mals";"";"";"";"Meran/o (Var.)";"2";"Meteo ambientali e naturali";"+2 LENTA CORSA PER BINARIO SDRUCCIOLEVOLE CAUSA BRINA; +4 LASA (x)7001";"Doppia";"NP";"";"";"";"OK";"OK"
"2023-01-17";"23-int";"7003";"2023-01-17 06:52:00";"2023-01-17 07:54:00";"Meran/o (Var.)";"";"";"";"Malles - Mals";"";"Meteo ambientali e naturali";"+2 STA (x)7004";"Doppia";"NP";"";"";"";"OK";"OK"
"2023-01-17";"23-int";"7040";"2023-01-17 07:01:00";"2023-01-17 07:57:00";"Malles - Mals";"";"";"";"Meran/o (Var.)";"";"";"";"Doppia";"NP";"";"";"";"OK";"OK"
"2023-01-17";"23-int";"7006";"2023-01-17 07:20:00";"2023-01-17 08:25:00";"Malles - Mals";"";"";"";"Meran/o (Var.)";"";"";"";"Singola";"NP";"";"";"";"OK";"OK"
"2023-01-17";"23-int";"7005";"2023-01-17 07:31:00";"2023-01-17 08:38:00";"Meran/o (Var.)";"";"";"";"Malles - Mals";"";"";"";"Doppia";"NP";"";"";"";"OK";"OK"
"2023-01-17";"23-int";"7041";"2023-01-17 08:02:00";"2023-01-17 08:55:00";"Meran/o (Var.)";"";"";"";"Malles - Mals";"";"";"";"Singola";"NP";"";"";"";"OK";"OK"
"2023-01-17";"23-int";"7008";"2023-01-17 08:20:00";"2023-01-17 09:25:00";"Malles - Mals";"";"";"";"Meran/o (Var.)";"";"";"";"Doppia";"NP";"";"";"";"OK";"OK"
"2023-01-17";"23-int";"7007";"2023-01-17 08:35:00";"2023-01-17 09:38:00";"Meran/o (Var.)";"";"";"";"Malles - Mals";"";"";"";"Singola";"NP";"";"";"";"OK";"OK"
"2023-01-17";"23-int";"7042";"2023-01-17 09:03:00";"2023-01-17 09:57:00";"Malles - Mals";"";"";"";"Meran/o (Var.)";"";"";"";"Singola";"NP";"";"";"";"OK";"OK"
"2023-01-17";"23-int";"7010";"2023-01-17 09:20:00";"2023-01-17 10:25:00";"Malles - Mals";"";"";"";"Meran/o (Var.)";"";"";"";"Doppia";"NP";"";"";"";"OK";"OK"
"2023-01-17";"23-int";"7009";"2023-01-17 09:31:00";"2023-01-17 10:38:00";"Meran/o (Var.)";"";"";"";"Malles - Mals";"";"";"";"Doppia";"NP";"";"";"";"OK";"OK"
"2023-01-17";"23-int";"7043";"2023-01-17 10:02:00";"2023-01-17 10:55:00";"Meran/o (Var.)";"";"";"";"Malles - Mals";"";"";"";"Doppia";"NP";"";"";"";"OK";"OK"
"2023-01-17";"23-int";"7012";"2023-01-17 10:20:00";"2023-01-17 11:25:00";"Malles - Mals";"";"";"";"Meran/o (Var.)";"";"";"";"Singola";"NP";"";"";"";"OK";"OK"
"2023-01-17";"23-int";"7011";"2023-01-17 10:35:00";"2023-01-17 11:38:00";"Meran/o (Var.)";"";"";"";"Malles - Mals";"";"";"";"Doppia";"NP";"";"";"";"OK";"OK"
"2023-01-17";"23-int";"7044";"2023-01-17 11:03:00";"2023-01-17 11:57:00";"Malles - Mals";"";"";"";"Meran/o (Var.)";"";"";"";"Doppia";"NP";"";"";"";"OK";"OK"
"2023-01-17";"23-int";"7014";"2023-01-17 11:20:00";"2023-01-17 12:25:00";"Malles - Mals";"";"";"";"Meran/o (Var.)";"";"";"";"Doppia";"NP";"";"";"";"OK";"OK"
"2023-01-17";"23-int";"7013";"2023-01-17 11:31:00";"2023-01-17 12:38:00";"Meran/o (Var.)";"";"";"";"Malles - Mals";"";"";"";"Singola";"NP";"";"";"";"OK";"OK"
"2023-01-17";"23-int";"7045";"2023-01-17 12:02:00";"2023-01-17 12:55:00";"Meran/o (Var.)";"";"";"";"Malles - Mals";"";"";"";"Singola";"NP";"";"";"";"OK";"OK"
"2023-01-17";"23-int";"7016";"2023-01-17 12:20:00";"2023-01-17 13:25:00";"Malles - Mals";"";"";"";"Meran/o (Var.)";"";"";"";"Doppia";"NP";"";"";"";"OK";"OK"
"2023-01-17";"23-int";"7015";"2023-01-17 12:35:00";"2023-01-17 13:38:00";"Meran/o (Var.)";"";"";"";"Malles - Mals";"";"";"";"Doppia";"NP";"";"";"";"OK";"OK"
"2023-01-17";"23-int";"7046";"2023-01-17 13:03:00";"2023-01-17 13:57:00";"Malles - Mals";"";"";"";"Meran/o (Var.)";"";"";"";"Singola";"NP";"";"";"";"OK";"OK"
"2023-01-17";"23-int";"7018";"2023-01-17 13:20:00";"2023-01-17 14:25:00";"Malles - Mals";"";"";"";"Meran/o (Var.)";"";"";"";"Singola";"NP";"";"";"";"OK";"OK"
"2023-01-17";"23-int";"7017";"2023-01-17 13:31:00";"2023-01-17 14:38:00";"Meran/o (Var.)";"";"";"";"Malles - Mals";"";"";"";"Doppia";"NP";"";"";"";"OK";"OK"
"2023-01-17";"23-int";"7047";"2023-01-17 14:02:00";"2023-01-17 14:55:00";"Meran/o (Var.)";"";"";"";"Malles - Mals";"";"";"";"Doppia";"NP";"";"";"";"OK";"OK"
"2023-01-17";"23-int";"7020";"2023-01-17 14:20:00";"2023-01-17 15:25:00";"Malles - Mals";"";"";"";"Meran/o (Var.)";"";"";"";"Doppia";"NP";"";"";"";"OK";"OK"
"2023-01-17";"23-int";"7019";"2023-01-17 14:35:00";"2023-01-17 15:38:00";"Meran/o (Var.)";"";"";"";"Malles - Mals";"";"";"";"Singola";"NP";"";"";"";"OK";"OK"
"2023-01-17";"23-int";"7048";"2023-01-17 15:03:00";"2023-01-17 15:57:00";"Malles - Mals";"";"";"";"Meran/o (Var.)";"";"";"";"Doppia";"NP";"";"";"";"OK";"OK"
"2023-01-17";"23-int";"7022";"2023-01-17 15:20:00";"2023-01-17 16:25:00";"Malles - Mals";"";"";"";"Meran/o (Var.)";"";"";"";"Doppia";"NP";"";"";"";"OK";"OK"
"2023-01-17";"23-int";"7021";"2023-01-17 15:31:00";"2023-01-17 16:38:00";"Meran/o (Var.)";"";"";"";"Malles - Mals";"";"";"";"Doppia";"NP";"";"";"";"OK";"OK"
"2023-01-17";"23-int";"7049";"2023-01-17 16:02:00";"2023-01-17 16:55:00";"Meran/o (Var.)";"";"";"";"Malles - Mals";"";"";"";"Singola";"NP";"";"";"";"OK";"OK"
"2023-01-17";"23-int";"7024";"2023-01-17 16:20:00";"2023-01-17 17:25:00";"Malles - Mals";"";"";"";"Meran/o (Var.)";"";"";"";"Doppia";"NP";"";"";"";"OK";"OK"
"2023-01-17";"23-int";"7023";"2023-01-17 16:35:00";"2023-01-17 17:38:00";"Meran/o (Var.)";"";"";"";"Malles - Mals";"";"";"";"Doppia";"NP";"";"";"";"OK";"OK"
"2023-01-17";"23-int";"7050";"2023-01-17 17:03:00";"2023-01-17 17:57:00";"Malles - Mals";"";"";"";"Meran/o (Var.)";"";"";"";"Singola";"NP";"";"";"";"OK";"OK"
"2023-01-17";"23-int";"7026";"2023-01-17 17:20:00";"2023-01-17 18:25:00";"Malles - Mals";"";"";"";"Meran/o (Var.)";"";"";"";"Singola";"NP";"";"";"";"OK";"OK"
"2023-01-17";"23-int";"7025";"2023-01-17 17:31:00";"2023-01-17 18:38:00";"Meran/o (Var.)";"";"";"";"Malles - Mals";"";"";"";"Doppia";"NP";"";"";"";"OK";"OK"
"2023-01-17";"23-int";"7051";"2023-01-17 18:02:00";"2023-01-17 18:55:00";"Meran/o (Var.)";"";"";"";"Malles - Mals";"";"";"";"Doppia";"NP";"";"";"";"OK";"OK"
"2023-01-17";"23-int";"7028";"2023-01-17 18:20:00";"2023-01-17 19:25:00";"Malles - Mals";"";"";"";"Meran/o (Var.)";"";"";"";"Singola";"NP";"";"";"";"OK";"OK"
"2023-01-17";"23-int";"7027";"2023-01-17 18:35:00";"2023-01-17 19:38:00";"Meran/o (Var.)";"";"";"";"Malles - Mals";"";"";"";"Singola";"NP";"";"";"";"OK";"OK"
"2023-01-17";"23-int";"7052";"2023-01-17 19:03:00";"2023-01-17 19:57:00";"Malles - Mals";"";"";"";"Meran/o (Var.)";"";"";"";"Singola";"NP";"";"";"";"OK";"OK"
"2023-01-17";"23-int";"7030";"2023-01-17 19:20:00";"2023-01-17 20:25:00";"Malles - Mals";"";"";"";"Meran/o (Var.)";"";"";"";"Singola";"NP";"";"";"";"OK";"OK"
"2023-01-17";"23-int";"7029";"2023-01-17 19:31:00";"2023-01-17 20:38:00";"Meran/o (Var.)";"";"";"";"Malles - Mals";"";"";"";"Singola";"NP";"";"";"";"OK";"OK"
"2023-01-17";"23-int";"7031";"2023-01-17 20:00:00";"2023-01-17 20:55:00";"Meran/o (Var.)";"";"";"";"Malles - Mals";"";"";"";"Singola";"NP";"";"";"";"OK";"OK"
"2023-01-17";"23-int";"7032";"2023-01-17 20:20:00";"2023-01-17 21:25:00";"Malles - Mals";"";"";"";"Meran/o (Var.)";"";"";"";"Doppia";"NP";"";"";"";"OK";"OK"
"2023-01-17";"23-int";"7033";"2023-01-17 21:00:00";"2023-01-17 21:55:00";"Meran/o (Var.)";"";"";"";"Malles - Mals";"6";"Prolungamento sosta commerciale";"+3 STA; +2 SPO";"Singola";"NP";"";"";"";"OK";"OK"
"2023-01-17";"23-int";"7034";"2023-01-17 21:20:00";"2023-01-17 22:25:00";"Malles - Mals";"";"";"";"Meran/o (Var.)";"";"";"";"Singola";"NP";"";"";"";"OK";"OK"
"2023-01-17";"23-int";"7035";"2023-01-17 22:00:00";"2023-01-17 22:55:00";"Meran/o (Var.)";"";"";"";"Malles - Mals";"";"";"";"Singola";"NP";"";"";"";"OK";"OK"
"2023-01-17";"23-int";"7037";"2023-01-17 23:00:00";"2023-01-17 23:55:00";"Meran/o (Var.)";"";"";"";"Malles - Mals";"";"";"";"Singola";"NP";"";"";"";"OK";"OK"
"2023-01-18";"23-int";"7000";"2023-01-18 05:18:00";"2023-01-18 06:12:00";"Malles - Mals";"";"";"";"Meran/o (Var.)";"";"";"";"Singola";"NP";"";"";"";"OK";"OK"
"2023-01-18";"23-int";"7002";"2023-01-18 05:40:00";"2023-01-18 06:37:00";"Malles - Mals";"";"";"";"Meran/o (Var.)";"";"";"";"Doppia";"NP";"";"";"";"OK";"OK"
"2023-01-18";"23-int";"7001";"2023-01-18 05:48:00";"2023-01-18 06:53:00";"Meran/o (Var.)";"";"";"";"Malles - Mals";"";"";"";"Doppia";"NP";"";"";"";"OK";"OK"
"2023-01-18";"23-int";"7004";"2023-01-18 06:16:00";"2023-01-18 07:16:00";"Malles - Mals";"";"";"";"Meran/o (Var.)";"";"";"";"Doppia";"NP";"";"";"";"OK";"OK"
"2023-01-18";"23-int";"7003";"2023-01-18 06:52:00";"2023-01-18 07:54:00";"Meran/o (Var.)";"";"";"";"Malles - Mals";"";"";"";"Doppia";"NP";"";"";"";"OK";"OK"
"2023-01-18";"23-int";"7040";"2023-01-18 07:01:00";"2023-01-18 07:57:00";"Malles - Mals";"";"";"";"Meran/o (Var.)";"";"";"";"Doppia";"NP";"";"";"";"OK";"OK"
"2023-01-18";"23-int";"7006";"2023-01-18 07:20:00";"2023-01-18 08:25:00";"Malles - Mals";"";"";"";"Meran/o (Var.)";"";"";"";"Singola";"NP";"";"";"";"OK";"OK"
"2023-01-18";"23-int";"7005";"2023-01-18 07:31:00";"2023-01-18 08:38:00";"Meran/o (Var.)";"";"";"";"Malles - Mals";"";"";"";"Doppia";"NP";"";"";"";"OK";"OK"
"2023-01-18";"23-int";"7041";"2023-01-18 08:02:00";"2023-01-18 08:55:00";"Meran/o (Var.)";"";"";"";"Malles - Mals";"";"";"";"Singola";"NP";"";"";"";"OK";"OK"
"2023-01-18";"23-int";"7008";"2023-01-18 08:20:00";"2023-01-18 09:25:00";"Malles - Mals";"";"";"";"Meran/o (Var.)";"";"";"";"Doppia";"NP";"";"";"";"OK";"OK"
"2023-01-18";"23-int";"7007";"2023-01-18 08:35:00";"2023-01-18 09:38:00";"Meran/o (Var.)";"";"";"";"Malles - Mals";"";"";"";"Singola";"NP";"";"";"";"OK";"OK"
"2023-01-18";"23-int";"7042";"2023-01-18 09:03:00";"2023-01-18 09:57:00";"Malles - Mals";"";"";"";"Meran/o (Var.)";"";"";"";"Singola";"NP";"";"";"";"OK";"OK"
"2023-01-18";"23-int";"7010";"2023-01-18 09:20:00";"2023-01-18 10:25:00";"Malles - Mals";"";"";"";"Meran/o (Var.)";"";"";"";"Doppia";"NP";"";"";"";"OK";"OK"
"2023-01-18";"23-int";"7009";"2023-01-18 09:31:00";"2023-01-18 10:38:00";"Meran/o (Var.)";"";"";"";"Malles - Mals";"";"";"";"Doppia";"NP";"";"";"";"OK";"OK"
"2023-01-18";"23-int";"7043";"2023-01-18 10:02:00";"2023-01-18 10:55:00";"Meran/o (Var.)";"";"";"";"Malles - Mals";"";"";"";"Doppia";"NP";"";"";"";"OK";"OK"
"2023-01-18";"23-int";"7012";"2023-01-18 10:20:00";"2023-01-18 11:25:00";"Malles - Mals";"";"";"";"Meran/o (Var.)";"";"";"";"Singola";"NP";"";"";"";"OK";"OK"
"2023-01-18";"23-int";"7011";"2023-01-18 10:35:00";"2023-01-18 11:38:00";"Meran/o (Var.)";"";"";"";"Malles - Mals";"";"";"";"Doppia";"NP";"";"";"";"OK";"OK"
"2023-01-18";"23-int";"7044";"2023-01-18 11:03:00";"2023-01-18 11:57:00";"Malles - Mals";"";"";"";"Meran/o (Var.)";"";"";"";"Doppia";"NP";"";"";"";"OK";"OK"
"2023-01-18";"23-int";"7014";"2023-01-18 11:20:00";"2023-01-18 12:25:00";"Malles - Mals";"";"";"";"Meran/o (Var.)";"";"";"";"Doppia";"NP";"";"";"";"OK";"OK"
"2023-01-18";"23-int";"7013";"2023-01-18 11:31:00";"2023-01-18 12:38:00";"Meran/o (Var.)";"";"";"";"Malles - Mals";"";"";"";"Singola";"NP";"";"";"";"OK";"OK"
"2023-01-18";"23-int";"7045";"2023-01-18 12:02:00";"2023-01-18 12:55:00";"Meran/o (Var.)";"";"";"";"Malles - Mals";"";"";"";"Singola";"NP";"";"";"";"OK";"OK"
"2023-01-18";"23-int";"7016";"2023-01-18 12:20:00";"2023-01-18 13:25:00";"Malles - Mals";"";"";"";"Meran/o (Var.)";"";"";"";"Doppia";"NP";"";"";"";"OK";"OK"
"2023-01-18";"23-int";"7015";"2023-01-18 12:35:00";"2023-01-18 13:38:00";"Meran/o (Var.)";"";"";"";"Malles - Mals";"";"";"";"Doppia";"NP";"";"";"";"OK";"OK"
"2023-01-18";"23-int";"7046";"2023-01-18 13:03:00";"2023-01-18 13:57:00";"Malles - Mals";"";"";"";"Meran/o (Var.)";"";"";"";"Singola";"NP";"";"";"";"OK";"OK"
"2023-01-18";"23-int";"7018";"2023-01-18 13:20:00";"2023-01-18 14:25:00";"Malles - Mals";"";"";"";"Meran/o (Var.)";"";"";"";"Singola";"NP";"";"";"";"OK";"OK"
"2023-01-18";"23-int";"7017";"2023-01-18 13:31:00";"2023-01-18 14:38:00";"Meran/o (Var.)";"";"";"";"Malles - Mals";"";"";"";"Doppia";"NP";"";"";"";"OK";"OK"
"2023-01-18";"23-int";"7047";"2023-01-18 14:02:00";"2023-01-18 14:55:00";"Meran/o (Var.)";"";"";"";"Malles - Mals";"";"";"";"Doppia";"NP";"";"";"";"OK";"OK"
"2023-01-18";"23-int";"7020";"2023-01-18 14:20:00";"2023-01-18 15:25:00";"Malles - Mals";"";"";"";"Meran/o (Var.)";"";"";"";"Doppia";"NP";"";"";"";"OK";"OK"
"2023-01-18";"23-int";"7019";"2023-01-18 14:35:00";"2023-01-18 15:38:00";"Meran/o (Var.)";"";"";"";"Malles - Mals";"";"";"";"Singola";"NP";"";"";"";"OK";"OK"
"2023-01-18";"23-int";"7048";"2023-01-18 15:03:00";"2023-01-18 15:57:00";"Malles - Mals";"";"";"";"Meran/o (Var.)";"";"";"";"Doppia";"NP";"";"";"";"OK";"OK"
"2023-01-18";"23-int";"7022";"2023-01-18 15:20:00";"2023-01-18 16:25:00";"Malles - Mals";"";"";"";"Meran/o (Var.)";"";"";"";"Doppia";"NP";"";"";"";"OK";"OK"
"2023-01-18";"23-int";"7021";"2023-01-18 15:31:00";"2023-01-18 16:38:00";"Meran/o (Var.)";"";"";"";"Malles - Mals";"";"";"";"Doppia";"NP";"";"";"";"OK";"OK"
"2023-01-18";"23-int";"7049";"2023-01-18 16:02:00";"2023-01-18 16:55:00";"Meran/o (Var.)";"";"";"";"Malles - Mals";"";"";"";"Singola";"NP";"";"";"";"OK";"OK"
"2023-01-18";"23-int";"7024";"2023-01-18 16:20:00";"2023-01-18 17:25:00";"Malles - Mals";"";"";"";"Meran/o (Var.)";"";"";"";"Doppia";"NP";"";"";"";"OK";"OK"
"2023-01-18";"23-int";"7023";"2023-01-18 16:35:00";"2023-01-18 17:38:00";"Meran/o (Var.)";"";"";"";"Malles - Mals";"";"";"";"Doppia";"NP";"";"";"";"OK";"OK"
"2023-01-18";"23-int";"7050";"2023-01-18 17:03:00";"2023-01-18 17:57:00";"Malles - Mals";"";"";"";"Meran/o (Var.)";"";"";"";"Singola";"NP";"";"";"";"OK";"OK"
"2023-01-18";"23-int";"7026";"2023-01-18 17:20:00";"2023-01-18 18:25:00";"Malles - Mals";"";"";"";"Meran/o (Var.)";"";"";"";"Singola";"NP";"";"";"";"OK";"OK"
"2023-01-18";"23-int";"7025";"2023-01-18 17:31:00";"2023-01-18 18:38:00";"Meran/o (Var.)";"";"";"";"Malles - Mals";"";"";"";"Doppia";"NP";"";"";"";"OK";"OK"
"2023-01-18";"23-int";"7051";"2023-01-18 18:02:00";"2023-01-18 18:55:00";"Meran/o (Var.)";"";"";"";"Malles - Mals";"";"";"";"Doppia";"NP";"";"";"";"OK";"OK"
"2023-01-18";"23-int";"7028";"2023-01-18 18:20:00";"2023-01-18 19:25:00";"Malles - Mals";"";"";"";"Meran/o (Var.)";"";"";"";"Singola";"NP";"";"";"";"OK";"OK"
"2023-01-18";"23-int";"7027";"2023-01-18 18:35:00";"2023-01-18 19:38:00";"Meran/o (Var.)";"";"";"";"Malles - Mals";"";"";"";"Singola";"NP";"";"";"";"OK";"OK"
"2023-01-18";"23-int";"7052";"2023-01-18 19:03:00";"2023-01-18 19:57:00";"Malles - Mals";"";"";"";"Meran/o (Var.)";"";"";"";"Singola";"NP";"";"";"";"OK";"OK"
"2023-01-18";"23-int";"7030";"2023-01-18 19:20:00";"2023-01-18 20:25:00";"Malles - Mals";"";"";"";"Meran/o (Var.)";"";"";"";"Singola";"NP";"";"";"";"OK";"OK"
"2023-01-18";"23-int";"7029";"2023-01-18 19:31:00";"2023-01-18 20:38:00";"Meran/o (Var.)";"";"";"";"Malles - Mals";"";"";"";"Singola";"NP";"";"";"";"OK";"OK"
"2023-01-18";"23-int";"7031";"2023-01-18 20:00:00";"2023-01-18 20:55:00";"Meran/o (Var.)";"";"";"";"Malles - Mals";"";"";"";"Singola";"NP";"";"";"";"OK";"OK"
"2023-01-18";"23-int";"7032";"2023-01-18 20:20:00";"2023-01-18 21:25:00";"Malles - Mals";"";"";"";"Meran/o (Var.)";"";"";"";"Doppia";"NP";"";"";"";"OK";"OK"
"2023-01-18";"23-int";"7033";"2023-01-18 21:00:00";"2023-01-18 21:55:00";"Meran/o (Var.)";"";"";"";"Malles - Mals";"";"";"";"Singola";"NP";"";"";"";"OK";"OK"
"2023-01-18";"23-int";"7034";"2023-01-18 21:20:00";"2023-01-18 22:25:00";"Malles - Mals";"";"";"";"Meran/o (Var.)";"";"";"";"Singola";"NP";"";"";"";"OK";"OK"
"2023-01-18";"23-int";"7035";"2023-01-18 22:00:00";"2023-01-18 22:55:00";"Meran/o (Var.)";"";"";"";"Malles - Mals";"";"";"";"Singola";"NP";"";"";"";"OK";"OK"
"2023-01-18";"23-int";"7037";"2023-01-18 23:00:00";"2023-01-18 23:55:00";"Meran/o (Var.)";"";"";"";"Malles - Mals";"";"";"";"Singola";"NP";"";"";"";"OK";"OK"
"2023-01-19";"23-int";"7000";"2023-01-19 05:18:00";"2023-01-19 06:12:00";"Malles - Mals";"";"";"";"Meran/o (Var.)";"";"";"";"Singola";"NP";"";"";"";"OK";"OK"
"2023-01-19";"23-int";"7002";"2023-01-19 05:40:00";"2023-01-19 06:37:00";"Malles - Mals";"";"";"";"Meran/o (Var.)";"";"";"";"Doppia";"NP";"";"";"";"OK";"OK"
"2023-01-19";"23-int";"7001";"2023-01-19 05:48:00";"2023-01-19 06:53:00";"Meran/o (Var.)";"";"";"";"Malles - Mals";"";"";"";"Doppia";"NP";"";"";"";"OK";"OK"
"2023-01-19";"23-int";"7004";"2023-01-19 06:16:00";"2023-01-19 07:16:00";"Malles - Mals";"";"";"";"Meran/o (Var.)";"";"";"";"Doppia";"NP";"";"";"";"OK";"OK"
"2023-01-19";"23-int";"7003";"2023-01-19 06:52:00";"2023-01-19 07:54:00";"Meran/o (Var.)";"";"";"";"Malles - Mals";"";"";"";"Doppia";"NP";"";"";"";"OK";"OK"
"2023-01-19";"23-int";"7040";"2023-01-19 07:01:00";"2023-01-19 07:57:00";"Malles - Mals";"";"";"";"Meran/o (Var.)";"";"";"";"Doppia";"NP";"";"";"";"OK";"OK"
"2023-01-19";"23-int";"7006";"2023-01-19 07:20:00";"2023-01-19 08:25:00";"Malles - Mals";"";"";"";"Meran/o (Var.)";"";"";"";"Singola";"NP";"";"";"";"OK";"OK"
"2023-01-19";"23-int";"7005";"2023-01-19 07:31:00";"2023-01-19 08:38:00";"Meran/o (Var.)";"";"";"";"Malles - Mals";"";"";"";"Doppia";"NP";"";"";"";"OK";"OK"
"2023-01-19";"23-int";"7041";"2023-01-19 08:02:00";"2023-01-19 08:55:00";"Meran/o (Var.)";"";"";"";"Malles - Mals";"";"";"";"Singola";"NP";"";"";"";"OK";"OK"
"2023-01-19";"23-int";"7008";"2023-01-19 08:20:00";"2023-01-19 09:25:00";"Malles - Mals";"";"";"";"Meran/o (Var.)";"";"";"";"Doppia";"NP";"";"";"";"OK";"OK"
"2023-01-19";"23-int";"7007";"2023-01-19 08:35:00";"2023-01-19 09:38:00";"Meran/o (Var.)";"";"";"";"Malles - Mals";"";"";"";"Singola";"NP";"";"";"";"OK";"OK"
"2023-01-19";"23-int";"7042";"2023-01-19 09:03:00";"2023-01-19 09:57:00";"Malles - Mals";"";"";"";"Meran/o (Var.)";"";"";"";"Singola";"NP";"";"";"";"OK";"OK"
"2023-01-19";"23-int";"7010";"2023-01-19 09:20:00";"2023-01-19 10:25:00";"Malles - Mals";"";"";"";"Meran/o (Var.)";"";"";"";"Doppia";"NP";"";"";"";"OK";"OK"
"2023-01-19";"23-int";"7009";"2023-01-19 09:31:00";"2023-01-19 10:38:00";"Meran/o (Var.)";"";"";"";"Malles - Mals";"";"";"";"Doppia";"NP";"";"";"";"OK";"OK"
"2023-01-19";"23-int";"7043";"2023-01-19 10:02:00";"2023-01-19 10:55:00";"Meran/o (Var.)";"";"";"";"Malles - Mals";"";"";"";"Doppia";"NP";"";"";"";"OK";"OK"
"2023-01-19";"23-int";"7012";"2023-01-19 10:20:00";"2023-01-19 11:25:00";"Malles - Mals";"";"";"";"Meran/o (Var.)";"";"";"";"Singola";"NP";"";"";"";"OK";"OK"
"2023-01-19";"23-int";"7011";"2023-01-19 10:35:00";"2023-01-19 11:38:00";"Meran/o (Var.)";"";"";"";"Malles - Mals";"";"";"";"Doppia";"NP";"";"";"";"OK";"OK"
"2023-01-19";"23-int";"7044";"2023-01-19 11:03:00";"2023-01-19 11:57:00";"Malles - Mals";"";"";"";"Meran/o (Var.)";"";"";"";"Doppia";"NP";"";"";"";"OK";"OK"
"2023-01-19";"23-int";"7014";"2023-01-19 11:20:00";"2023-01-19 12:25:00";"Malles - Mals";"";"";"";"Meran/o (Var.)";"";"";"";"Doppia";"NP";"";"";"";"OK";"OK"
"2023-01-19";"23-int";"7013";"2023-01-19 11:31:00";"2023-01-19 12:38:00";"Meran/o (Var.)";"";"";"";"Malles - Mals";"";"";"";"Singola";"NP";"";"";"";"OK";"OK"
"2023-01-19";"23-int";"7045";"2023-01-19 12:02:00";"2023-01-19 12:55:00";"Meran/o (Var.)";"";"";"";"Malles - Mals";"";"";"";"Singola";"NP";"";"";"";"OK";"OK"
"2023-01-19";"23-int";"7016";"2023-01-19 12:20:00";"2023-01-19 13:25:00";"Malles - Mals";"";"";"";"Meran/o (Var.)";"";"";"";"Doppia";"NP";"";"";"";"OK";"OK"
"2023-01-19";"23-int";"7015";"2023-01-19 12:35:00";"2023-01-19 13:38:00";"Meran/o (Var.)";"";"";"";"Malles - Mals";"";"";"";"Doppia";"NP";"";"";"";"OK";"OK"
"2023-01-19";"23-int";"7046";"2023-01-19 13:03:00";"2023-01-19 13:57:00";"Malles - Mals";"";"";"";"Meran/o (Var.)";"";"";"";"Singola";"NP";"";"";"";"OK";"OK"
"2023-01-19";"23-int";"7018";"2023-01-19 13:20:00";"2023-01-19 14:25:00";"Malles - Mals";"";"";"";"Meran/o (Var.)";"";"";"";"Singola";"NP";"";"";"";"OK";"OK"
"2023-01-19";"23-int";"7017";"2023-01-19 13:31:00";"2023-01-19 14:38:00";"Meran/o (Var.)";"";"";"";"Malles - Mals";"";"";"";"Doppia";"NP";"";"";"";"OK";"OK"
"2023-01-19";"23-int";"7047";"2023-01-19 14:02:00";"2023-01-19 14:55:00";"Meran/o (Var.)";"";"";"";"Malles - Mals";"";"";"";"Doppia";"NP";"";"";"";"OK";"OK"
"2023-01-19";"23-int";"7020";"2023-01-19 14:20:00";"2023-01-19 15:25:00";"Malles - Mals";"";"";"";"Meran/o (Var.)";"";"";"";"Doppia";"NP";"";"";"";"OK";"OK"
"2023-01-19";"23-int";"7019";"2023-01-19 14:35:00";"2023-01-19 15:38:00";"Meran/o (Var.)";"";"";"";"Malles - Mals";"";"";"";"Singola";"NP";"";"";"";"OK";"OK"
"2023-01-19";"23-int";"7048";"2023-01-19 15:03:00";"2023-01-19 15:57:00";"Malles - Mals";"";"";"";"Meran/o (Var.)";"";"";"";"Doppia";"NP";"";"";"";"OK";"OK"
"2023-01-19";"23-int";"7022";"2023-01-19 15:20:00";"2023-01-19 16:25:00";"Malles - Mals";"";"";"";"Meran/o (Var.)";"";"";"";"Doppia";"NP";"";"";"";"OK";"OK"
"2023-01-19";"23-int";"7021";"2023-01-19 15:31:00";"2023-01-19 16:38:00";"Meran/o (Var.)";"";"";"";"Malles - Mals";"";"";"";"Doppia";"NP";"";"";"";"OK";"OK"
"2023-01-19";"23-int";"7049";"2023-01-19 16:02:00";"2023-01-19 16:55:00";"Meran/o (Var.)";"";"";"";"Malles - Mals";"";"";"";"Singola";"NP";"";"";"";"OK";"OK"
"2023-01-19";"23-int";"7024";"2023-01-19 16:20:00";"2023-01-19 17:25:00";"Malles - Mals";"";"";"";"Meran/o (Var.)";"";"";"";"Doppia";"NP";"";"";"";"OK";"OK"
"2023-01-19";"23-int";"7023";"2023-01-19 16:35:00";"2023-01-19 17:38:00";"Meran/o (Var.)";"";"";"";"Malles - Mals";"";"";"";"Doppia";"NP";"";"";"";"OK";"OK"
"2023-01-19";"23-int";"7050";"2023-01-19 17:03:00";"2023-01-19 17:57:00";"Malles - Mals";"";"";"";"Meran/o (Var.)";"";"";"";"Singola";"NP";"";"";"";"OK";"OK"
"2023-01-19";"23-int";"7026";"2023-01-19 17:20:00";"2023-01-19 18:25:00";"Malles - Mals";"";"";"";"Meran/o (Var.)";"";"";"";"Singola";"NP";"";"";"";"OK";"OK"
"2023-01-19";"23-int";"7025";"2023-01-19 17:31:00";"2023-01-19 18:38:00";"Meran/o (Var.)";"";"";"";"Malles - Mals";"";"";"";"Doppia";"NP";"";"";"";"OK";"OK"
"2023-01-19";"23-int";"7051";"2023-01-19 18:02:00";"2023-01-19 18:55:00";"Meran/o (Var.)";"";"";"";"Malles - Mals";"";"";"";"Doppia";"NP";"";"";"";"OK";"OK"
"2023-01-19";"23-int";"7028";"2023-01-19 18:20:00";"2023-01-19 19:25:00";"Malles - Mals";"";"";"";"Meran/o (Var.)";"";"";"";"Singola";"NP";"";"";"";"OK";"OK"
"2023-01-19";"23-int";"7027";"2023-01-19 18:35:00";"2023-01-19 19:38:00";"Meran/o (Var.)";"";"";"";"Malles - Mals";"";"";"";"Singola";"NP";"";"";"";"OK";"OK"
"2023-01-19";"23-int";"7052";"2023-01-19 19:03:00";"2023-01-19 19:57:00";"Malles - Mals";"";"";"";"Meran/o (Var.)";"";"";"";"Singola";"NP";"";"";"";"OK";"OK"
"2023-01-19";"23-int";"7030";"2023-01-19 19:20:00";"2023-01-19 20:25:00";"Malles - Mals";"";"";"";"Meran/o (Var.)";"";"";"";"Singola";"NP";"";"";"";"OK";"OK"
"2023-01-19";"23-int";"7029";"2023-01-19 19:31:00";"2023-01-19 20:38:00";"Meran/o (Var.)";"";"";"";"Malles - Mals";"";"";"";"Singola";"NP";"";"";"";"OK";"OK"
"2023-01-19";"23-int";"7031";"2023-01-19 20:00:00";"2023-01-19 20:55:00";"Meran/o (Var.)";"";"";"";"Malles - Mals";"";"";"";"Singola";"NP";"";"";"";"OK";"OK"
"2023-01-19";"23-int";"7032";"2023-01-19 20:20:00";"2023-01-19 21:25:00";"Malles - Mals";"";"";"";"Meran/o (Var.)";"";"";"";"Doppia";"NP";"";"";"";"OK";"OK"
"2023-01-19";"23-int";"7033";"2023-01-19 21:00:00";"2023-01-19 21:55:00";"Meran/o (Var.)";"";"";"";"Malles - Mals";"";"";"";"Singola";"NP";"";"";"";"OK";"OK"
"2023-01-19";"23-int";"7034";"2023-01-19 21:20:00";"2023-01-19 22:25:00";"Malles - Mals";"";"";"";"Meran/o (Var.)";"";"";"";"Singola";"NP";"";"";"";"OK";"OK"
"2023-01-19";"23-int";"7035";"2023-01-19 22:00:00";"2023-01-19 22:55:00";"Meran/o (Var.)";"";"";"";"Malles - Mals";"";"";"";"Singola";"NP";"";"";"";"OK";"OK"
"2023-01-19";"23-int";"7037";"2023-01-19 23:00:00";"2023-01-19 23:55:00";"Meran/o (Var.)";"";"";"";"Malles - Mals";"";"";"";"Singola";"NP";"";"";"";"OK";"OK"
"2023-01-20";"23-int";"7000";"2023-01-20 05:18:00";"2023-01-20 06:12:00";"Malles - Mals";"";"";"";"Meran/o (Var.)";"";"";"";"Singola";"NP";"";"";"";"OK";"OK"
"2023-01-20";"23-int";"7002";"2023-01-20 05:40:00";"2023-01-20 06:37:00";"Malles - Mals";"";"";"";"Meran/o (Var.)";"";"";"";"Doppia";"NP";"";"";"";"OK";"OK"
"2023-01-20";"23-int";"7001";"2023-01-20 05:48:00";"2023-01-20 06:53:00";"Meran/o (Var.)";"";"";"";"Malles - Mals";"";"";"";"Doppia";"NP";"";"";"";"OK";"OK"
"2023-01-20";"23-int";"7004";"2023-01-20 06:16:00";"2023-01-20 07:16:00";"Malles - Mals";"";"";"";"Meran/o (Var.)";"";"";"";"Doppia";"NP";"";"";"";"OK";"OK"
"2023-01-20";"23-int";"7003";"2023-01-20 06:52:00";"2023-01-20 07:54:00";"Meran/o (Var.)";"";"";"";"Malles - Mals";"";"";"";"Doppia";"NP";"";"";"";"OK";"OK"
"2023-01-20";"23-int";"7040";"2023-01-20 07:01:00";"2023-01-20 07:57:00";"Malles - Mals";"";"";"";"Meran/o (Var.)";"";"";"";"Doppia";"NP";"";"";"";"OK";"OK"
"2023-01-20";"23-int";"7006";"2023-01-20 07:20:00";"2023-01-20 08:25:00";"Malles - Mals";"";"";"";"Meran/o (Var.)";"";"";"";"Singola";"NP";"";"";"";"OK";"OK"
"2023-01-20";"23-int";"7005";"2023-01-20 07:31:00";"2023-01-20 08:38:00";"Meran/o (Var.)";"";"";"";"Malles - Mals";"";"";"";"Doppia";"NP";"";"";"";"OK";"OK"
"2023-01-20";"23-int";"7041";"2023-01-20 08:02:00";"2023-01-20 08:55:00";"Meran/o (Var.)";"";"";"";"Malles - Mals";"";"";"";"Singola";"NP";"";"";"";"OK";"OK"
"2023-01-20";"23-int";"7008";"2023-01-20 08:20:00";"2023-01-20 09:25:00";"Malles - Mals";"";"";"";"Meran/o (Var.)";"";"";"";"Doppia";"NP";"";"";"";"OK";"OK"
"2023-01-20";"23-int";"7007";"2023-01-20 08:35:00";"2023-01-20 09:38:00";"Meran/o (Var.)";"";"";"";"Malles - Mals";"";"";"";"Singola";"NP";"";"";"";"OK";"OK"
"2023-01-20";"23-int";"7042";"2023-01-20 09:03:00";"2023-01-20 09:57:00";"Malles - Mals";"";"";"";"Meran/o (Var.)";"";"";"";"Singola";"NP";"";"";"";"OK";"OK"
"2023-01-20";"23-int";"7010";"2023-01-20 09:20:00";"2023-01-20 10:25:00";"Malles - Mals";"";"";"";"Meran/o (Var.)";"";"";"";"Doppia";"NP";"";"";"";"OK";"OK"
"2023-01-20";"23-int";"7009";"2023-01-20 09:31:00";"2023-01-20 10:38:00";"Meran/o (Var.)";"";"";"";"Malles - Mals";"";"";"";"Doppia";"NP";"";"";"";"OK";"OK"
"2023-01-20";"23-int";"7043";"2023-01-20 10:02:00";"2023-01-20 10:55:00";"Meran/o (Var.)";"";"";"";"Malles - Mals";"";"";"";"Doppia";"NP";"";"";"";"OK";"OK"
"2023-01-20";"23-int";"7012";"2023-01-20 10:20:00";"2023-01-20 11:25:00";"Malles - Mals";"";"";"";"Meran/o (Var.)";"";"";"";"Singola";"NP";"";"";"";"OK";"OK"
"2023-01-20";"23-int";"7011";"2023-01-20 10:35:00";"2023-01-20 11:38:00";"Meran/o (Var.)";"";"";"";"Malles - Mals";"";"";"";"Doppia";"NP";"";"";"";"OK";"OK"
"2023-01-20";"23-int";"7044";"2023-01-20 11:03:00";"2023-01-20 11:57:00";"Malles - Mals";"";"";"";"Meran/o (Var.)";"";"";"";"Doppia";"NP";"";"";"";"OK";"OK"
"2023-01-20";"23-int";"7014";"2023-01-20 11:20:00";"2023-01-20 12:25:00";"Malles - Mals";"";"";"";"Meran/o (Var.)";"";"";"";"Doppia";"NP";"";"";"";"OK";"OK"
"2023-01-20";"23-int";"7013";"2023-01-20 11:31:00";"2023-01-20 12:38:00";"Meran/o (Var.)";"";"";"";"Malles - Mals";"";"";"";"Singola";"NP";"";"";"";"OK";"OK"
"2023-01-20";"23-int";"7045";"2023-01-20 12:02:00";"2023-01-20 12:55:00";"Meran/o (Var.)";"";"";"";"Malles - Mals";"";"";"";"Singola";"NP";"";"";"";"OK";"OK"
"2023-01-20";"23-int";"7016";"2023-01-20 12:20:00";"2023-01-20 13:25:00";"Malles - Mals";"";"";"";"Meran/o (Var.)";"";"";"";"Doppia";"NP";"";"";"";"OK";"OK"
"2023-01-20";"23-int";"7015";"2023-01-20 12:35:00";"2023-01-20 13:38:00";"Meran/o (Var.)";"";"";"";"Malles - Mals";"";"";"";"Doppia";"NP";"";"";"";"OK";"OK"
"2023-01-20";"23-int";"7046";"2023-01-20 13:03:00";"2023-01-20 13:57:00";"Malles - Mals";"";"";"";"Meran/o (Var.)";"";"";"";"Singola";"NP";"";"";"";"OK";"OK"
"2023-01-20";"23-int";"7018";"2023-01-20 13:20:00";"2023-01-20 14:25:00";"Malles - Mals";"";"";"";"Meran/o (Var.)";"";"";"";"Singola";"NP";"";"";"";"OK";"OK"
"2023-01-20";"23-int";"7017";"2023-01-20 13:31:00";"2023-01-20 14:38:00";"Meran/o (Var.)";"";"";"";"Malles - Mals";"";"";"";"Doppia";"NP";"";"";"";"OK";"OK"
"2023-01-20";"23-int";"7047";"2023-01-20 14:02:00";"2023-01-20 14:55:00";"Meran/o (Var.)";"";"";"";"Malles - Mals";"";"";"";"Doppia";"NP";"";"";"";"OK";"OK"
"2023-01-20";"23-int";"7020";"2023-01-20 14:20:00";"2023-01-20 15:25:00";"Malles - Mals";"";"";"";"Meran/o (Var.)";"";"";"";"Doppia";"NP";"";"";"";"OK";"OK"
"2023-01-20";"23-int";"7019";"2023-01-20 14:35:00";"2023-01-20 15:38:00";"Meran/o (Var.)";"";"";"";"Malles - Mals";"";"";"";"Singola";"NP";"";"";"";"OK";"OK"
"2023-01-20";"23-int";"7048";"2023-01-20 15:03:00";"2023-01-20 15:57:00";"Malles - Mals";"";"";"";"Meran/o (Var.)";"";"";"";"Doppia";"NP";"";"";"";"OK";"OK"
"2023-01-20";"23-int";"7022";"2023-01-20 15:20:00";"2023-01-20 16:25:00";"Malles - Mals";"";"";"";"Meran/o (Var.)";"";"";"";"Doppia";"NP";"";"";"";"OK";"OK"
"2023-01-20";"23-int";"7021";"2023-01-20 15:31:00";"2023-01-20 16:38:00";"Meran/o (Var.)";"";"";"";"Malles - Mals";"";"";"";"Doppia";"NP";"";"";"";"OK";"OK"
"2023-01-20";"23-int";"7049";"2023-01-20 16:02:00";"2023-01-20 16:55:00";"Meran/o (Var.)";"";"";"";"Malles - Mals";"";"";"";"Singola";"NP";"";"";"";"OK";"OK"
"2023-01-20";"23-int";"7024";"2023-01-20 16:20:00";"2023-01-20 17:25:00";"Malles - Mals";"";"";"";"Meran/o (Var.)";"";"";"";"Doppia";"NP";"";"";"";"OK";"OK"
"2023-01-20";"23-int";"7023";"2023-01-20 16:35:00";"2023-01-20 17:38:00";"Meran/o (Var.)";"";"";"";"Malles - Mals";"";"";"";"Doppia";"NP";"";"";"";"OK";"OK"
"2023-01-20";"23-int";"7050";"2023-01-20 17:03:00";"2023-01-20 17:57:00";"Malles - Mals";"";"";"";"Meran/o (Var.)";"";"";"";"Singola";"NP";"";"";"";"OK";"OK"
"2023-01-20";"23-int";"7026";"2023-01-20 17:20:00";"2023-01-20 18:25:00";"Malles - Mals";"";"";"";"Meran/o (Var.)";"";"";"";"Singola";"NP";"";"";"";"OK";"OK"
"2023-01-20";"23-int";"7025";"2023-01-20 17:31:00";"2023-01-20 18:38:00";"Meran/o (Var.)";"";"";"";"Malles - Mals";"";"";"";"Doppia";"NP";"";"";"";"OK";"OK"
"2023-01-20";"23-int";"7051";"2023-01-20 18:02:00";"2023-01-20 18:55:00";"Meran/o (Var.)";"";"";"";"Malles - Mals";"";"";"";"Doppia";"NP";"";"";"";"OK";"OK"
"2023-01-20";"23-int";"7028";"2023-01-20 18:20:00";"2023-01-20 19:25:00";"Malles - Mals";"";"";"";"Meran/o (Var.)";"";"";"";"Singola";"NP";"";"";"";"OK";"OK"
"2023-01-20";"23-int";"7027";"2023-01-20 18:35:00";"2023-01-20 19:38:00";"Meran/o (Var.)";"4";"Servizio viaggiatori";"( c  ) bus su richiesta della SO ";"Malles - Mals";"";"";"";"Singola";"NP";"";"";"";"OK";"OK"
"2023-01-20";"23-int";"7052";"2023-01-20 19:03:00";"2023-01-20 19:57:00";"Malles - Mals";"";"";"";"Meran/o (Var.)";"";"";"";"Singola";"NP";"";"";"";"OK";"OK"
"2023-01-20";"23-int";"7030";"2023-01-20 19:20:00";"2023-01-20 20:25:00";"Malles - Mals";"";"";"";"Meran/o (Var.)";"";"";"";"Singola";"NP";"";"";"";"OK";"OK"
"2023-01-20";"23-int";"7029";"2023-01-20 19:31:00";"2023-01-20 20:38:00";"Meran/o (Var.)";"";"";"";"Malles - Mals";"";"";"";"Singola";"NP";"";"";"";"OK";"OK"
"2023-01-20";"23-int";"7031";"2023-01-20 20:00:00";"2023-01-20 20:55:00";"Meran/o (Var.)";"";"";"";"Malles - Mals";"";"";"";"Singola";"NP";"";"";"";"OK";"OK"
"2023-01-20";"23-int";"7032";"2023-01-20 20:20:00";"2023-01-20 21:25:00";"Malles - Mals";"";"";"";"Meran/o (Var.)";"";"";"";"Doppia";"NP";"";"";"";"OK";"OK"
"2023-01-20";"23-int";"7033";"2023-01-20 21:00:00";"2023-01-20 21:55:00";"Meran/o (Var.)";"";"";"";"Malles - Mals";"";"";"";"Singola";"NP";"";"";"";"OK";"OK"
"2023-01-20";"23-int";"7034";"2023-01-20 21:20:00";"2023-01-20 22:25:00";"Malles - Mals";"";"";"";"Meran/o (Var.)";"";"";"";"Singola";"NP";"";"";"";"OK";"OK"
"2023-01-20";"23-int";"7035";"2023-01-20 22:00:00";"2023-01-20 22:55:00";"Meran/o (Var.)";"";"";"";"Malles - Mals";"";"";"";"Singola";"NP";"";"";"";"OK";"OK"
"2023-01-20";"23-int";"7037";"2023-01-20 23:00:00";"2023-01-20 23:55:00";"Meran/o (Var.)";"";"";"";"Malles - Mals";"";"";"";"Singola";"NP";"";"";"";"OK";"OK"
"2023-01-21";"23-int";"7000";"2023-01-21 05:18:00";"2023-01-21 06:12:00";"Malles - Mals";"";"";"";"Meran/o (Var.)";"";"";"";"Singola";"NP";"";"";"";"OK";"OK"
"2023-01-21";"23-int";"7002";"2023-01-21 05:40:00";"2023-01-21 06:37:00";"Malles - Mals";"";"";"";"Meran/o (Var.)";"";"";"";"Doppia";"NP";"";"";"";"OK";"OK"
"2023-01-21";"23-int";"7001";"2023-01-21 05:48:00";"2023-01-21 06:53:00";"Meran/o (Var.)";"";"";"";"Malles - Mals";"3";"Formazione treno e manovra";"+6 Lasa (x) 7004";"Doppia";"NP";"";"";"";"OK";"OK"
"2023-01-21";"23-int";"7004";"2023-01-21 06:16:00";"2023-01-21 07:16:00";"Malles - Mals";"9";"Formazione treno e manovra";"+9 x cambio materiale, formaz treno e manovra (ATR previsti guasti)";"Meran/o (Var.)";"5";"Formazione treno e manovra";"+9 in partenza da Malles";"Singola (Var.)";"NP";"";"";"";"OK";"OK"
"2023-01-21";"23-int";"7003";"2023-01-21 06:52:00";"2023-01-21 07:54:00";"Meran/o (Var.)";"";"";"";"Malles - Mals";"";"";"";"Doppia";"NP";"";"";"";"OK";"OK"
"2023-01-21";"23-int";"7040";"2023-01-21 07:01:00";"2023-01-21 07:57:00";"Malles - Mals";"";"";"";"Meran/o (Var.)";"";"";"";"Singola";"NP";"";"";"";"OK";"OK"
"2023-01-21";"23-int";"7006";"2023-01-21 07:20:00";"2023-01-21 08:25:00";"Malles - Mals";"";"";"";"Meran/o (Var.)";"";"";"";"Singola";"NP";"";"";"";"OK";"OK"
"2023-01-21";"23-int";"7005";"2023-01-21 07:31:00";"2023-01-21 08:38:00";"Meran/o (Var.)";"";"";"";"Malles - Mals";"";"";"";"Singola (Var.)";"NP";"";"";"";"OK";"OK"
"2023-01-21";"23-int";"7041";"2023-01-21 08:02:00";"2023-01-21 08:55:00";"Meran/o (Var.)";"";"";"";"Malles - Mals";"";"";"";"Singola";"NP";"";"";"";"OK";"OK"
"2023-01-21";"23-int";"7008";"2023-01-21 08:20:00";"2023-01-21 09:25:00";"Malles - Mals";"";"";"";"Meran/o (Var.)";"";"";"";"Doppia";"NP";"";"";"";"OK";"OK"
"2023-01-21";"23-int";"7007";"2023-01-21 08:35:00";"2023-01-21 09:38:00";"Meran/o (Var.)";"";"";"";"Malles - Mals";"";"";"";"Singola";"NP";"";"";"";"OK";"OK"
"2023-01-21";"23-int";"7042";"2023-01-21 09:03:00";"2023-01-21 09:57:00";"Malles - Mals";"";"";"";"Meran/o (Var.)";"";"";"";"Singola (Var.)";"NP";"";"";"";"OK";"OK"
"2023-01-21";"23-int";"7010";"2023-01-21 09:20:00";"2023-01-21 10:25:00";"Malles - Mals";"";"";"";"Meran/o (Var.)";"";"";"";"Singola";"NP";"";"";"";"OK";"OK"
"2023-01-21";"23-int";"7009";"2023-01-21 09:31:00";"2023-01-21 10:38:00";"Meran/o (Var.)";"";"";"";"Malles - Mals";"";"";"";"Singola";"NP";"";"";"";"OK";"OK"
"2023-01-21";"23-int";"7043";"2023-01-21 10:02:00";"2023-01-21 10:55:00";"Meran/o (Var.)";"";"";"";"Malles - Mals";"";"";"";"Doppia";"NP";"";"";"";"OK";"OK"
"2023-01-21";"23-int";"7012";"2023-01-21 10:20:00";"2023-01-21 11:25:00";"Malles - Mals";"";"";"";"Meran/o (Var.)";"";"";"";"Singola";"NP";"";"";"";"OK";"OK"
"2023-01-21";"23-int";"7011";"2023-01-21 10:35:00";"2023-01-21 11:38:00";"Meran/o (Var.)";"";"";"";"Malles - Mals";"";"";"";"Singola (Var.)";"NP";"";"";"";"OK";"OK"
"2023-01-21";"23-int";"7044";"2023-01-21 11:03:00";"2023-01-21 11:57:00";"Malles - Mals";"";"";"";"Meran/o (Var.)";"";"";"";"Singola";"NP";"";"";"";"OK";"OK"
"2023-01-21";"23-int";"7014";"2023-01-21 11:20:00";"2023-01-21 12:25:00";"Malles - Mals";"";"";"";"Meran/o (Var.)";"";"";"";"Doppia";"NP";"";"";"";"OK";"OK"
"2023-01-21";"23-int";"7013";"2023-01-21 11:31:00";"2023-01-21 12:38:00";"Meran/o (Var.)";"";"";"";"Malles - Mals";"";"";"";"Singola";"NP";"";"";"";"OK";"OK"
"2023-01-21";"23-int";"7045";"2023-01-21 12:02:00";"2023-01-21 12:55:00";"Meran/o (Var.)";"";"";"";"Malles - Mals";"";"";"";"Singola";"NP";"";"";"";"OK";"OK"
"2023-01-21";"23-int";"7016";"2023-01-21 12:20:00";"2023-01-21 13:25:00";"Malles - Mals";"";"";"";"Meran/o (Var.)";"";"";"";"Singola (Var.)";"NP";"";"";"";"OK";"OK"
"2023-01-21";"23-int";"7015";"2023-01-21 12:35:00";"2023-01-21 13:38:00";"Meran/o (Var.)";"";"";"";"Malles - Mals";"";"";"";"Singola";"NP";"";"";"";"OK";"OK"
"2023-01-21";"23-int";"7046";"2023-01-21 13:03:00";"2023-01-21 13:57:00";"Malles - Mals";"";"";"";"Meran/o (Var.)";"7";"Guasto veicoli viaggiatori";"+10 ACCUDIENZA ATR Ciardes";"Singola";"NP";"";"";"";"OK";"OK"
"2023-01-21";"23-int";"7018";"2023-01-21 13:20:00";"2023-01-21 14:25:00";"Malles - Mals";"";"";"";"Meran/o (Var.)";"7";"Guasto veicoli viaggiatori";"+7 x 7017 Laces";"Singola";"NP";"";"";"";"OK";"OK"
"2023-01-21";"23-int";"7017";"2023-01-21 13:31:00";"2023-01-21 14:38:00";"Meran/o (Var.)";"";"";"";"Malles - Mals";"5";"Guasto veicoli viaggiatori";"+10 x 7046 Stava";"Doppia";"NP";"";"";"";"OK";"OK"
"2023-01-21";"23-int";"7047";"2023-01-21 14:02:00";"2023-01-21 14:55:00";"Meran/o (Var.)";"5";"Guasto veicoli viaggiatori";"+5x 7046 Tel";"Malles - Mals";"8";"Guasto veicoli viaggiatori";"+5 x 7018 Stava";"Singola (Var.)";"NP";"";"";"";"OK";"OK"
"2023-01-21";"23-int";"7020";"2023-01-21 14:20:00";"2023-01-21 15:25:00";"Malles - Mals";"";"";"";"Meran/o (Var.)";"2";"Guasto veicoli viaggiatori";"+5 x 7017 Spondigna +6 x 7047 Lasa";"Singola";"NP";"";"";"";"OK";"OK"
"2023-01-21";"23-int";"7019";"2023-01-21 14:35:00";"2023-01-21 15:38:00";"Meran/o (Var.)";"";"";"";"Malles - Mals";"";"Guasto veicoli viaggiatori";"+6 x 7020 Laces";"Singola";"NP";"";"";"";"OK";"OK"
"2023-01-21";"23-int";"7048";"2023-01-21 15:03:00";"2023-01-21 15:57:00";"Malles - Mals";"";"";"";"Meran/o (Var.)";"";"Guasto veicoli viaggiatori";"+3 x Lasa 7019";"Doppia";"NP";"";"";"";"OK";"OK"
"2023-01-21";"23-int";"7022";"2023-01-21 15:20:00";"2023-01-21 16:25:00";"Malles - Mals";"";"";"";"Meran/o (Var.)";"";"";"";"Singola (Var.)";"NP";"";"";"";"OK";"OK"
"2023-01-21";"23-int";"7021";"2023-01-21 15:31:00";"2023-01-21 16:38:00";"Meran/o (Var.)";"";"";"";"Malles - Mals";"";"";"";"Singola";"NP";"";"";"";"OK";"OK"
"2023-01-21";"23-int";"7049";"2023-01-21 16:02:00";"2023-01-21 16:55:00";"Meran/o (Var.)";"";"";"";"Malles - Mals";"";"";"";"Singola";"NP";"";"";"";"OK";"OK"
"2023-01-21";"23-int";"7024";"2023-01-21 16:20:00";"2023-01-21 17:25:00";"Malles - Mals";"";"";"";"Meran/o (Var.)";"";"";"";"Singola";"NP";"";"";"";"OK";"OK"
"2023-01-21";"23-int";"7023";"2023-01-21 16:35:00";"2023-01-21 17:38:00";"Meran/o (Var.)";"";"";"";"Malles - Mals";"";"";"";"Doppia";"NP";"";"";"";"OK";"OK"
"2023-01-21";"23-int";"7050";"2023-01-21 17:03:00";"2023-01-21 17:57:00";"Malles - Mals";"";"";"";"Meran/o (Var.)";"";"";"";"Singola";"NP";"";"";"";"OK";"OK"
"2023-01-21";"23-int";"7026";"2023-01-21 17:20:00";"2023-01-21 18:25:00";"Malles - Mals";"";"";"";"Meran/o (Var.)";"";"";"";"Singola";"NP";"";"";"";"OK";"OK"
"2023-01-21";"23-int";"7025";"2023-01-21 17:31:00";"2023-01-21 18:38:00";"Meran/o (Var.)";"";"";"";"Malles - Mals";"";"";"";"Singola (Var.)";"NP";"";"";"";"OK";"OK"
"2023-01-21";"23-int";"7051";"2023-01-21 18:02:00";"2023-01-21 18:55:00";"Meran/o (Var.)";"";"";"";"Malles - Mals";"";"";"";"Singola";"NP";"";"";"";"OK";"OK"
"2023-01-21";"23-int";"7028";"2023-01-21 18:20:00";"2023-01-21 19:25:00";"Malles - Mals";"";"";"";"Meran/o (Var.)";"";"";"";"Singola";"NP";"";"";"";"OK";"OK"
"2023-01-21";"23-int";"7027";"2023-01-21 18:35:00";"2023-01-21 19:38:00";"Meran/o (Var.)";"";"";"";"Malles - Mals";"";"";"";"Singola";"NP";"";"";"";"OK";"OK"
"2023-01-21";"23-int";"7052";"2023-01-21 19:03:00";"2023-01-21 19:57:00";"Malles - Mals";"";"";"";"Meran/o (Var.)";"";"";"";"Singola";"NP";"";"";"";"OK";"OK"
"2023-01-21";"23-int";"7030";"2023-01-21 19:20:00";"2023-01-21 20:25:00";"Malles - Mals";"";"";"";"Meran/o (Var.)";"";"";"";"Singola";"NP";"";"";"";"OK";"OK"
"2023-01-21";"23-int";"7029";"2023-01-21 19:31:00";"2023-01-21 20:38:00";"Meran/o (Var.)";"";"";"";"Malles - Mals";"";"";"";"Singola";"NP";"";"";"";"OK";"OK"
"2023-01-21";"23-int";"7031";"2023-01-21 20:00:00";"2023-01-21 20:55:00";"Meran/o (Var.)";"";"";"";"Malles - Mals";"";"";"";"Singola";"NP";"";"";"";"OK";"OK"
"2023-01-21";"23-int";"7032";"2023-01-21 20:20:00";"2023-01-21 21:25:00";"Malles - Mals";"";"";"";"Meran/o (Var.)";"";"";"";"Singola";"NP";"";"";"";"OK";"OK"
"2023-01-21";"23-int";"7033";"2023-01-21 21:00:00";"2023-01-21 21:55:00";"Meran/o (Var.)";"";"";"";"Malles - Mals";"";"";"";"Singola";"NP";"";"";"";"OK";"OK"
"2023-01-21";"23-int";"7034";"2023-01-21 21:20:00";"2023-01-21 22:25:00";"Malles - Mals";"";"";"";"Meran/o (Var.)";"";"";"";"Singola";"NP";"";"";"";"OK";"OK"
"2023-01-21";"23-int";"7035";"2023-01-21 22:00:00";"2023-01-21 22:55:00";"Meran/o (Var.)";"";"";"";"Malles - Mals";"";"";"";"Singola";"NP";"";"";"";"OK";"OK"
"2023-01-21";"23-int";"7037";"2023-01-21 23:00:00";"2023-01-21 23:55:00";"Meran/o (Var.)";"10";"Coincidenze programmate";"+10 TEL (c)BUS SU RICHIESTA SO SAD";"Malles - Mals";"";"";"";"Singola";"NP";"";"";"";"OK";"OK"
"2023-01-22";"23-int";"7002";"2023-01-22 05:40:00";"2023-01-22 06:37:00";"Malles - Mals";"";"";"";"Meran/o (Var.)";"";"";"";"Singola (Var.)";"NP";"";"";"";"OK";"OK"
"2023-01-22";"23-int";"7004";"2023-01-22 06:16:00";"2023-01-22 07:16:00";"Malles - Mals";"";"";"";"Meran/o (Var.)";"";"";"";"Singola";"NP";"";"";"";"OK";"OK"
"2023-01-22";"23-int";"7003";"2023-01-22 06:52:00";"2023-01-22 07:54:00";"Meran/o (Var.)";"";"";"";"Malles - Mals";"";"";"";"Singola (Var.)";"NP";"";"";"";"OK";"OK"
"2023-01-22";"23-int";"7040";"2023-01-22 07:01:00";"2023-01-22 07:57:00";"Malles - Mals";"";"";"";"Meran/o (Var.)";"";"";"";"Doppia";"NP";"";"";"";"OK";"OK"
"2023-01-22";"23-int";"7006";"2023-01-22 07:20:00";"2023-01-22 08:25:00";"Malles - Mals";"";"";"";"Meran/o (Var.)";"";"";"";"Doppia";"NP";"";"";"";"OK";"OK"
"2023-01-22";"23-int";"7005";"2023-01-22 07:31:00";"2023-01-22 08:38:00";"Meran/o (Var.)";"";"";"";"Malles - Mals";"";"";"";"Singola (Var.)";"NP";"";"";"";"OK";"OK"
"2023-01-22";"23-int";"7041";"2023-01-22 08:02:00";"2023-01-22 08:55:00";"Meran/o (Var.)";"";"";"";"Malles - Mals";"";"";"";"Singola";"NP";"";"";"";"OK";"OK"
"2023-01-22";"23-int";"7008";"2023-01-22 08:20:00";"2023-01-22 09:25:00";"Malles - Mals";"";"";"";"Meran/o (Var.)";"";"";"";"Doppia";"NP";"";"";"";"OK";"OK"
"2023-01-22";"23-int";"7007";"2023-01-22 08:35:00";"2023-01-22 09:38:00";"Meran/o (Var.)";"";"";"";"Malles - Mals";"";"";"";"Doppia";"NP";"";"";"";"OK";"OK"
"2023-01-22";"23-int";"7042";"2023-01-22 09:03:00";"2023-01-22 09:57:00";"Malles - Mals";"";"";"";"Meran/o (Var.)";"3";"Guasto veicoli viaggiatori";"+4 LASA  ACCUDIENZA ATR 6 GUASTO WC";"Singola";"NP";"";"";"";"OK";"OK"
"2023-01-22";"23-int";"7010";"2023-01-22 09:20:00";"2023-01-22 10:25:00";"Malles - Mals";"";"";"";"Meran/o (Var.)";"";"Guasto veicoli viaggiatori";"+2 LAC (x)7009";"Singola (Var.)";"NP";"";"";"";"OK";"OK"
"2023-01-22";"23-int";"7009";"2023-01-22 09:31:00";"2023-01-22 10:38:00";"Meran/o (Var.)";"";"";"";"Malles - Mals";"";"Guasto veicoli viaggiatori";"+4 STA (x)7042";"Doppia";"NP";"";"";"";"OK";"OK"
"2023-01-22";"23-int";"7043";"2023-01-22 10:02:00";"2023-01-22 10:55:00";"Meran/o (Var.)";"";"";"";"Malles - Mals";"";"Guasto veicoli viaggiatori";"+3 STA (x)7010";"Singola (Var.)";"NP";"";"";"";"OK";"OK"
"2023-01-22";"23-int";"7012";"2023-01-22 10:20:00";"2023-01-22 11:25:00";"Malles - Mals";"";"";"";"Meran/o (Var.)";"";"";"";"Doppia";"NP";"";"";"";"OK";"OK"
"2023-01-22";"23-int";"7011";"2023-01-22 10:35:00";"2023-01-22 11:38:00";"Meran/o (Var.)";"";"";"";"Malles - Mals";"";"";"";"Singola";"NP";"";"";"";"OK";"OK"
"2023-01-22";"23-int";"7044";"2023-01-22 11:03:00";"2023-01-22 11:57:00";"Malles - Mals";"";"";"";"Meran/o (Var.)";"";"";"";"Singola (Var.)";"NP";"";"";"";"OK";"OK"
"2023-01-22";"23-int";"7014";"2023-01-22 11:20:00";"2023-01-22 12:25:00";"Malles - Mals";"";"";"";"Meran/o (Var.)";"";"";"";"Doppia";"NP";"";"";"";"OK";"OK"
"2023-01-22";"23-int";"7013";"2023-01-22 11:31:00";"2023-01-22 12:38:00";"Meran/o (Var.)";"";"";"";"Malles - Mals";"";"";"";"Singola (Var.)";"NP";"";"";"";"OK";"OK"
"2023-01-22";"23-int";"7045";"2023-01-22 12:02:00";"2023-01-22 12:55:00";"Meran/o (Var.)";"";"";"";"Malles - Mals";"";"";"";"Doppia";"NP";"";"";"";"OK";"OK"
"2023-01-22";"23-int";"7016";"2023-01-22 12:20:00";"2023-01-22 13:25:00";"Malles - Mals";"";"";"";"Meran/o (Var.)";"";"";"";"Singola";"NP";"";"";"";"OK";"OK"
"2023-01-22";"23-int";"7015";"2023-01-22 12:35:00";"2023-01-22 13:38:00";"Meran/o (Var.)";"";"";"";"Malles - Mals";"";"";"";"Doppia";"NP";"";"";"";"OK";"OK"
"2023-01-22";"23-int";"7046";"2023-01-22 13:03:00";"2023-01-22 13:57:00";"Malles - Mals";"";"";"";"Meran/o (Var.)";"";"";"";"Doppia";"NP";"";"";"";"OK";"OK"
"2023-01-22";"23-int";"7018";"2023-01-22 13:20:00";"2023-01-22 14:25:00";"Malles - Mals";"";"";"";"Meran/o (Var.)";"";"";"";"Doppia";"NP";"";"";"";"OK";"OK"
"2023-01-22";"23-int";"7017";"2023-01-22 13:31:00";"2023-01-22 14:38:00";"Meran/o (Var.)";"";"";"";"Malles - Mals";"";"";"";"Doppia";"NP";"";"";"";"OK";"OK"
"2023-01-22";"23-int";"7047";"2023-01-22 14:02:00";"2023-01-22 14:55:00";"Meran/o (Var.)";"";"";"";"Malles - Mals";"";"";"";"Singola";"NP";"";"";"";"OK";"OK"
"2023-01-22";"23-int";"7020";"2023-01-22 14:20:00";"2023-01-22 15:25:00";"Malles - Mals";"";"";"";"Meran/o (Var.)";"";"";"";"Doppia";"NP";"";"";"";"OK";"OK"
"2023-01-22";"23-int";"7019";"2023-01-22 14:35:00";"2023-01-22 15:38:00";"Meran/o (Var.)";"";"";"";"Malles - Mals";"";"";"";"Doppia";"NP";"";"";"";"OK";"OK"
"2023-01-22";"23-int";"7048";"2023-01-22 15:03:00";"2023-01-22 15:57:00";"Malles - Mals";"";"";"";"Meran/o (Var.)";"";"";"";"Singola";"NP";"";"";"";"OK";"OK"
"2023-01-22";"23-int";"7022";"2023-01-22 15:20:00";"2023-01-22 16:25:00";"Malles - Mals";"";"";"";"Meran/o (Var.)";"";"";"";"Doppia";"NP";"";"";"";"OK";"OK"
"2023-01-22";"23-int";"7021";"2023-01-22 15:31:00";"2023-01-22 16:38:00";"Meran/o (Var.)";"";"";"";"Malles - Mals";"";"";"";"Doppia";"NP";"";"";"";"OK";"OK"
"2023-01-22";"23-int";"7049";"2023-01-22 16:02:00";"2023-01-22 16:55:00";"Meran/o (Var.)";"";"";"";"Malles - Mals";"";"";"";"Doppia";"NP";"";"";"";"OK";"OK"
"2023-01-22";"23-int";"7024";"2023-01-22 16:20:00";"2023-01-22 17:25:00";"Malles - Mals";"";"";"";"Meran/o (Var.)";"";"";"";"Doppia";"NP";"";"";"";"OK";"OK"
"2023-01-22";"23-int";"7023";"2023-01-22 16:35:00";"2023-01-22 17:38:00";"Meran/o (Var.)";"";"";"";"Malles - Mals";"";"";"";"Singola";"NP";"";"";"";"OK";"OK"
"2023-01-22";"23-int";"7050";"2023-01-22 17:03:00";"2023-01-22 17:57:00";"Malles - Mals";"";"";"";"Meran/o (Var.)";"";"";"";"Doppia";"NP";"";"";"";"OK";"OK"
"2023-01-22";"23-int";"7026";"2023-01-22 17:20:00";"2023-01-22 18:25:00";"Malles - Mals";"";"";"";"Meran/o (Var.)";"";"";"";"Doppia";"NP";"";"";"";"OK";"OK"
"2023-01-22";"23-int";"7025";"2023-01-22 17:31:00";"2023-01-22 18:38:00";"Meran/o (Var.)";"";"";"";"Malles - Mals";"";"";"";"Doppia";"NP";"";"";"";"OK";"OK"
"2023-01-22";"23-int";"7051";"2023-01-22 18:02:00";"2023-01-22 18:55:00";"Meran/o (Var.)";"";"";"";"Malles - Mals";"";"";"";"Doppia";"NP";"";"";"";"OK";"OK"
"2023-01-22";"23-int";"7028";"2023-01-22 18:20:00";"2023-01-22 19:25:00";"Malles - Mals";"";"";"";"Meran/o (Var.)";"";"";"";"Singola";"NP";"";"";"";"OK";"OK"
"2023-01-22";"23-int";"7027";"2023-01-22 18:35:00";"2023-01-22 19:38:00";"Meran/o (Var.)";"";"";"";"Malles - Mals";"";"";"";"Doppia";"NP";"";"";"";"OK";"OK"
"2023-01-22";"23-int";"7052";"2023-01-22 19:03:00";"2023-01-22 19:57:00";"Malles - Mals";"";"";"";"Meran/o (Var.)";"";"";"";"Doppia";"NP";"";"";"";"OK";"OK"
"2023-01-22";"23-int";"7030";"2023-01-22 19:20:00";"2023-01-22 20:25:00";"Malles - Mals";"";"";"";"Meran/o (Var.)";"";"";"";"Singola";"NP";"";"";"";"OK";"OK"
"2023-01-22";"23-int";"7029";"2023-01-22 19:31:00";"2023-01-22 20:38:00";"Meran/o (Var.)";"";"";"";"Malles - Mals";"";"";"";"Doppia";"NP";"";"";"";"OK";"OK"
"2023-01-22";"23-int";"7031";"2023-01-22 20:00:00";"2023-01-22 20:55:00";"Meran/o (Var.)";"";"";"";"Malles - Mals";"";"";"";"Singola";"NP";"";"";"";"OK";"OK"
"2023-01-22";"23-int";"7032";"2023-01-22 20:20:00";"2023-01-22 21:25:00";"Malles - Mals";"";"";"";"Meran/o (Var.)";"";"";"";"Doppia";"NP";"";"";"";"OK";"OK"
"2023-01-22";"23-int";"7033";"2023-01-22 21:00:00";"2023-01-22 21:55:00";"Meran/o (Var.)";"";"";"";"Malles - Mals";"";"";"";"Singola";"NP";"";"";"";"OK";"OK"
"2023-01-22";"23-int";"7034";"2023-01-22 21:20:00";"2023-01-22 22:25:00";"Malles - Mals";"";"";"";"Meran/o (Var.)";"";"";"";"Singola";"NP";"";"";"";"OK";"OK"
"2023-01-22";"23-int";"7035";"2023-01-22 22:00:00";"2023-01-22 22:55:00";"Meran/o (Var.)";"";"";"";"Malles - Mals";"";"";"";"Singola";"NP";"";"";"";"OK";"OK"
"2023-01-22";"23-int";"7037";"2023-01-22 23:00:00";"2023-01-22 23:55:00";"Meran/o (Var.)";"";"";"";"Malles - Mals";"";"";"";"Singola";"NP";"";"";"";"OK";"OK"
"2023-01-23";"23-int";"7000";"2023-01-23 05:18:00";"2023-01-23 06:12:00";"Malles - Mals";"";"";"";"Meran/o (Var.)";"";"";"";"Singola";"NP";"";"";"";"OK";"OK"
"2023-01-23";"23-int";"7002";"2023-01-23 05:40:00";"2023-01-23 06:37:00";"Malles - Mals";"";"";"";"Meran/o (Var.)";"";"";"";"Doppia";"NP";"";"";"";"OK";"OK"
"2023-01-23";"23-int";"7001";"2023-01-23 05:48:00";"2023-01-23 06:53:00";"Meran/o (Var.)";"";"";"";"Malles - Mals";"";"";"";"Doppia";"NP";"";"";"";"OK";"OK"
"2023-01-23";"23-int";"7004";"2023-01-23 06:16:00";"2023-01-23 07:16:00";"Malles - Mals";"";"";"";"Meran/o (Var.)";"";"";"";"Doppia";"NP";"";"";"";"OK";"OK"
"2023-01-23";"23-int";"7003";"2023-01-23 06:52:00";"2023-01-23 07:54:00";"Meran/o (Var.)";"";"";"";"Malles - Mals";"";"";"";"Doppia";"NP";"";"";"";"OK";"OK"
"2023-01-23";"23-int";"7040";"2023-01-23 07:01:00";"2023-01-23 07:57:00";"Malles - Mals";"";"";"";"Meran/o (Var.)";"";"";"";"Doppia";"NP";"";"";"";"OK";"OK"
"2023-01-23";"23-int";"7006";"2023-01-23 07:20:00";"2023-01-23 08:25:00";"Malles - Mals";"";"";"";"Meran/o (Var.)";"";"";"";"Singola";"NP";"";"";"";"OK";"OK"
"2023-01-23";"23-int";"7005";"2023-01-23 07:31:00";"2023-01-23 08:38:00";"Meran/o (Var.)";"";"";"";"Malles - Mals";"";"";"";"Doppia";"NP";"";"";"";"OK";"OK"
"2023-01-23";"23-int";"7041";"2023-01-23 08:02:00";"2023-01-23 08:55:00";"Meran/o (Var.)";"";"";"";"Malles - Mals";"";"";"";"Singola";"NP";"";"";"";"OK";"OK"
"2023-01-23";"23-int";"7008";"2023-01-23 08:20:00";"2023-01-23 09:25:00";"Malles - Mals";"";"";"";"Meran/o (Var.)";"";"";"";"Doppia";"NP";"";"";"";"OK";"OK"
"2023-01-23";"23-int";"7007";"2023-01-23 08:35:00";"2023-01-23 09:38:00";"Meran/o (Var.)";"";"";"";"Malles - Mals";"";"";"";"Singola";"NP";"";"";"";"OK";"OK"
"2023-01-23";"23-int";"7042";"2023-01-23 09:03:00";"2023-01-23 09:57:00";"Malles - Mals";"";"";"";"Meran/o (Var.)";"";"";"";"Singola";"NP";"";"";"";"OK";"OK"
"2023-01-23";"23-int";"7010";"2023-01-23 09:20:00";"2023-01-23 10:25:00";"Malles - Mals";"";"";"";"Meran/o (Var.)";"";"";"";"Doppia";"NP";"";"";"";"OK";"OK"
"2023-01-23";"23-int";"7009";"2023-01-23 09:31:00";"2023-01-23 10:38:00";"Meran/o (Var.)";"";"";"";"Malles - Mals";"";"";"";"Doppia";"NP";"";"";"";"OK";"OK"
"2023-01-23";"23-int";"7043";"2023-01-23 10:02:00";"2023-01-23 10:55:00";"Meran/o (Var.)";"";"";"";"Malles - Mals";"";"";"";"Doppia";"NP";"";"";"";"OK";"OK"
"2023-01-23";"23-int";"7012";"2023-01-23 10:20:00";"2023-01-23 11:25:00";"Malles - Mals";"";"";"";"Meran/o (Var.)";"";"";"";"Singola";"NP";"";"";"";"OK";"OK"
"2023-01-23";"23-int";"7011";"2023-01-23 10:35:00";"2023-01-23 11:38:00";"Meran/o (Var.)";"";"";"";"Malles - Mals";"";"";"";"Doppia";"NP";"";"";"";"OK";"OK"
"2023-01-23";"23-int";"7044";"2023-01-23 11:03:00";"2023-01-23 11:57:00";"Malles - Mals";"";"";"";"Meran/o (Var.)";"";"";"";"Doppia";"NP";"";"";"";"OK";"OK"
"2023-01-23";"23-int";"7014";"2023-01-23 11:20:00";"2023-01-23 12:25:00";"Malles - Mals";"";"";"";"Meran/o (Var.)";"";"";"";"Doppia";"NP";"";"";"";"OK";"OK"
"2023-01-23";"23-int";"7013";"2023-01-23 11:31:00";"2023-01-23 12:38:00";"Meran/o (Var.)";"";"";"";"Malles - Mals";"";"";"";"Singola";"NP";"";"";"";"OK";"OK"
"2023-01-23";"23-int";"7045";"2023-01-23 12:02:00";"2023-01-23 12:55:00";"Meran/o (Var.)";"";"";"";"Malles - Mals";"";"";"";"Singola";"NP";"";"";"";"OK";"OK"
"2023-01-23";"23-int";"7016";"2023-01-23 12:20:00";"2023-01-23 13:25:00";"Malles - Mals";"";"";"";"Meran/o (Var.)";"";"";"";"Doppia";"NP";"";"";"";"OK";"OK"
"2023-01-23";"23-int";"7015";"2023-01-23 12:35:00";"2023-01-23 13:38:00";"Meran/o (Var.)";"";"";"";"Malles - Mals";"";"";"";"Doppia";"NP";"";"";"";"OK";"OK"
"2023-01-23";"23-int";"7046";"2023-01-23 13:03:00";"2023-01-23 13:57:00";"Malles - Mals";"";"";"";"Meran/o (Var.)";"";"";"";"Singola";"NP";"";"";"";"OK";"OK"
"2023-01-23";"23-int";"7018";"2023-01-23 13:20:00";"2023-01-23 14:25:00";"Malles - Mals";"";"";"";"Meran/o (Var.)";"";"";"";"Singola";"NP";"";"";"";"OK";"OK"
"2023-01-23";"23-int";"7017";"2023-01-23 13:31:00";"2023-01-23 14:38:00";"Meran/o (Var.)";"";"";"";"Malles - Mals";"";"";"";"Doppia";"NP";"";"";"";"OK";"OK"
"2023-01-23";"23-int";"7047";"2023-01-23 14:02:00";"2023-01-23 14:55:00";"Meran/o (Var.)";"";"";"";"Malles - Mals";"";"";"";"Doppia";"NP";"";"";"";"OK";"OK"
"2023-01-23";"23-int";"7020";"2023-01-23 14:20:00";"2023-01-23 15:25:00";"Malles - Mals";"";"";"";"Meran/o (Var.)";"";"";"";"Doppia";"NP";"";"";"";"OK";"OK"
"2023-01-23";"23-int";"7019";"2023-01-23 14:35:00";"2023-01-23 15:38:00";"Meran/o (Var.)";"";"";"";"Malles - Mals";"";"";"";"Singola";"NP";"";"";"";"OK";"OK"
"2023-01-23";"23-int";"7048";"2023-01-23 15:03:00";"2023-01-23 15:57:00";"Malles - Mals";"";"";"";"Meran/o (Var.)";"";"";"";"Doppia";"NP";"";"";"";"OK";"OK"
"2023-01-23";"23-int";"7022";"2023-01-23 15:20:00";"2023-01-23 16:25:00";"Malles - Mals";"";"";"";"Meran/o (Var.)";"";"";"";"Doppia";"NP";"";"";"";"OK";"OK"
"2023-01-23";"23-int";"7021";"2023-01-23 15:31:00";"2023-01-23 16:38:00";"Meran/o (Var.)";"";"";"";"Malles - Mals";"";"";"";"Doppia";"NP";"";"";"";"OK";"OK"
"2023-01-23";"23-int";"7049";"2023-01-23 16:02:00";"2023-01-23 16:55:00";"Meran/o (Var.)";"";"";"";"Malles - Mals";"";"";"";"Singola";"NP";"";"";"";"OK";"OK"
"2023-01-23";"23-int";"7024";"2023-01-23 16:20:00";"2023-01-23 17:25:00";"Malles - Mals";"";"";"";"Meran/o (Var.)";"";"";"";"Doppia";"NP";"";"";"";"OK";"OK"
"2023-01-23";"23-int";"7023";"2023-01-23 16:35:00";"2023-01-23 17:38:00";"Meran/o (Var.)";"";"";"";"Malles - Mals";"";"";"";"Doppia";"NP";"";"";"";"OK";"OK"
"2023-01-23";"23-int";"7050";"2023-01-23 17:03:00";"2023-01-23 17:57:00";"Malles - Mals";"";"";"";"Meran/o (Var.)";"";"";"";"Singola";"NP";"";"";"";"OK";"OK"
"2023-01-23";"23-int";"7026";"2023-01-23 17:20:00";"2023-01-23 18:25:00";"Malles - Mals";"";"";"";"Meran/o (Var.)";"";"";"";"Singola";"NP";"";"";"";"OK";"OK"
"2023-01-23";"23-int";"7025";"2023-01-23 17:31:00";"2023-01-23 18:38:00";"Meran/o (Var.)";"";"";"";"Malles - Mals";"";"";"";"Doppia";"NP";"";"";"";"OK";"OK"
"2023-01-23";"23-int";"7051";"2023-01-23 18:02:00";"2023-01-23 18:55:00";"Meran/o (Var.)";"";"";"";"Malles - Mals";"";"";"";"Doppia";"NP";"";"";"";"OK";"OK"
"2023-01-23";"23-int";"7028";"2023-01-23 18:20:00";"2023-01-23 19:25:00";"Malles - Mals";"";"";"";"Meran/o (Var.)";"";"";"";"Singola";"NP";"";"";"";"OK";"OK"
"2023-01-23";"23-int";"7027";"2023-01-23 18:35:00";"2023-01-23 19:38:00";"Meran/o (Var.)";"";"";"";"Malles - Mals";"";"";"";"Singola";"NP";"";"";"";"OK";"OK"
"2023-01-23";"23-int";"7052";"2023-01-23 19:03:00";"2023-01-23 19:57:00";"Malles - Mals";"";"";"";"Meran/o (Var.)";"";"";"";"Singola";"NP";"";"";"";"OK";"OK"
"2023-01-23";"23-int";"7030";"2023-01-23 19:20:00";"2023-01-23 20:25:00";"Malles - Mals";"";"";"";"Meran/o (Var.)";"";"";"";"Singola";"NP";"";"";"";"OK";"OK"
"2023-01-23";"23-int";"7029";"2023-01-23 19:31:00";"2023-01-23 20:38:00";"Meran/o (Var.)";"";"";"";"Malles - Mals";"";"";"";"Singola";"NP";"";"";"";"OK";"OK"
"2023-01-23";"23-int";"7031";"2023-01-23 20:00:00";"2023-01-23 20:55:00";"Meran/o (Var.)";"";"";"";"Malles - Mals";"";"";"";"Singola";"NP";"";"";"";"OK";"OK"
"2023-01-23";"23-int";"7032";"2023-01-23 20:20:00";"2023-01-23 21:25:00";"Malles - Mals";"";"";"";"Meran/o (Var.)";"";"";"";"Doppia";"NP";"";"";"";"OK";"OK"
"2023-01-23";"23-int";"7033";"2023-01-23 21:00:00";"2023-01-23 21:55:00";"Meran/o (Var.)";"";"";"";"Malles - Mals";"";"";"";"Singola";"NP";"";"";"";"OK";"OK"
"2023-01-23";"23-int";"7034";"2023-01-23 21:20:00";"2023-01-23 22:25:00";"Malles - Mals";"";"";"";"Meran/o (Var.)";"";"";"";"Singola";"NP";"";"";"";"OK";"OK"
"2023-01-23";"23-int";"7035";"2023-01-23 22:00:00";"2023-01-23 22:55:00";"Meran/o (Var.)";"";"";"";"Malles - Mals";"";"";"";"Singola";"NP";"";"";"";"OK";"OK"
"2023-01-23";"23-int";"7037";"2023-01-23 23:00:00";"2023-01-23 23:55:00";"Meran/o (Var.)";"";"";"";"Malles - Mals";"";"";"";"Singola";"NP";"";"";"";"OK";"OK"
"2023-01-24";"23-int";"7000";"2023-01-24 05:18:00";"2023-01-24 06:12:00";"Malles - Mals";"";"";"";"Meran/o (Var.)";"";"";"";"Singola";"NP";"";"";"";"OK";"OK"
"2023-01-24";"23-int";"7002";"2023-01-24 05:40:00";"2023-01-24 06:37:00";"Malles - Mals";"";"";"";"Meran/o (Var.)";"";"";"";"Doppia";"NP";"";"";"";"OK";"OK"
"2023-01-24";"23-int";"7001";"2023-01-24 05:48:00";"2023-01-24 06:53:00";"Meran/o (Var.)";"";"";"";"Malles - Mals";"";"";"";"Doppia";"NP";"";"";"";"OK";"OK"
"2023-01-24";"23-int";"7004";"2023-01-24 06:16:00";"2023-01-24 07:16:00";"Malles - Mals";"";"";"";"Meran/o (Var.)";"";"";"";"Doppia";"NP";"";"";"";"OK";"OK"
"2023-01-24";"23-int";"7003";"2023-01-24 06:52:00";"2023-01-24 07:54:00";"Meran/o (Var.)";"";"";"";"Malles - Mals";"2";"Prolungamento sosta commerciale";"+3 SIL (x)7040";"Doppia";"NP";"";"";"";"OK";"OK"
"2023-01-24";"23-int";"7040";"2023-01-24 07:01:00";"2023-01-24 07:57:00";"Malles - Mals";"";"";"";"Meran/o (Var.)";"4";"Prolungamento sosta commerciale";"+4 LUNGO LINEA SV";"Doppia";"NP";"";"";"";"OK";"OK"
"2023-01-24";"23-int";"7006";"2023-01-24 07:20:00";"2023-01-24 08:25:00";"Malles - Mals";"";"";"";"Meran/o (Var.)";"";"Prolungamento sosta commerciale";"+4 LAC (x)7005";"Singola";"NP";"";"";"";"OK";"OK"
"2023-01-24";"23-int";"7005";"2023-01-24 07:31:00";"2023-01-24 08:38:00";"Meran/o (Var.)";"";"";"";"Malles - Mals";"";"Prolungamento sosta commerciale";"+4 STA (x)7040";"Doppia";"NP";"";"";"";"OK";"OK"
"2023-01-24";"23-int";"7041";"2023-01-24 08:02:00";"2023-01-24 08:55:00";"Meran/o (Var.)";"";"";"";"Malles - Mals";"3";"Prolungamento sosta commerciale";"+4 STA (x)7006";"Singola";"NP";"";"";"";"OK";"OK"
"2023-01-24";"23-int";"7008";"2023-01-24 08:20:00";"2023-01-24 09:25:00";"Malles - Mals";"";"";"";"Meran/o (Var.)";"";"Prolungamento sosta commerciale";"+4 LASA (x)7041";"Doppia";"NP";"";"";"";"OK";"OK"
"2023-01-24";"23-int";"7007";"2023-01-24 08:35:00";"2023-01-24 09:38:00";"Meran/o (Var.)";"";"";"";"Malles - Mals";"";"Prolungamento sosta commerciale";"+2 LAC (x)7008";"Singola";"NP";"";"";"";"OK";"OK"
"2023-01-24";"23-int";"7042";"2023-01-24 09:03:00";"2023-01-24 09:57:00";"Malles - Mals";"";"";"";"Meran/o (Var.)";"";"";"";"Singola";"NP";"";"";"";"OK";"OK"
"2023-01-24";"23-int";"7010";"2023-01-24 09:20:00";"2023-01-24 10:25:00";"Malles - Mals";"";"";"";"Meran/o (Var.)";"";"";"";"Doppia";"NP";"";"";"";"OK";"OK"
"2023-01-24";"23-int";"7009";"2023-01-24 09:31:00";"2023-01-24 10:38:00";"Meran/o (Var.)";"";"";"";"Malles - Mals";"";"";"";"Doppia";"NP";"";"";"";"OK";"OK"
"2023-01-24";"23-int";"7043";"2023-01-24 10:02:00";"2023-01-24 10:55:00";"Meran/o (Var.)";"";"";"";"Malles - Mals";"";"";"";"Doppia";"NP";"";"";"";"OK";"OK"
"2023-01-24";"23-int";"7012";"2023-01-24 10:20:00";"2023-01-24 11:25:00";"Malles - Mals";"";"";"";"Meran/o (Var.)";"";"";"";"Singola";"NP";"";"";"";"OK";"OK"
"2023-01-24";"23-int";"7011";"2023-01-24 10:35:00";"2023-01-24 11:38:00";"Meran/o (Var.)";"";"";"";"Malles - Mals";"";"";"";"Doppia";"NP";"";"";"";"OK";"OK"
"2023-01-24";"23-int";"7044";"2023-01-24 11:03:00";"2023-01-24 11:57:00";"Malles - Mals";"";"";"";"Meran/o (Var.)";"";"";"";"Doppia";"NP";"";"";"";"OK";"OK"
"2023-01-24";"23-int";"7014";"2023-01-24 11:20:00";"2023-01-24 12:25:00";"Malles - Mals";"";"";"";"Meran/o (Var.)";"";"";"";"Doppia";"NP";"";"";"";"OK";"OK"
"2023-01-24";"23-int";"7013";"2023-01-24 11:31:00";"2023-01-24 12:38:00";"Meran/o (Var.)";"";"";"";"Malles - Mals";"";"";"";"Singola";"NP";"";"";"";"OK";"OK"
"2023-01-24";"23-int";"7045";"2023-01-24 12:02:00";"2023-01-24 12:55:00";"Meran/o (Var.)";"";"";"";"Malles - Mals";"";"";"";"Singola";"NP";"";"";"";"OK";"OK"
"2023-01-24";"23-int";"7016";"2023-01-24 12:20:00";"2023-01-24 13:25:00";"Malles - Mals";"";"";"";"Meran/o (Var.)";"";"";"";"Doppia";"NP";"";"";"";"OK";"OK"
"2023-01-24";"23-int";"7015";"2023-01-24 12:35:00";"2023-01-24 13:38:00";"Meran/o (Var.)";"";"";"";"Malles - Mals";"";"";"";"Doppia";"NP";"";"";"";"OK";"OK"
"2023-01-24";"23-int";"7046";"2023-01-24 13:03:00";"2023-01-24 13:57:00";"Malles - Mals";"";"";"";"Meran/o (Var.)";"";"";"";"Singola";"NP";"";"";"";"OK";"OK"
"2023-01-24";"23-int";"7018";"2023-01-24 13:20:00";"2023-01-24 14:25:00";"Malles - Mals";"";"";"";"Meran/o (Var.)";"";"";"";"Singola";"NP";"";"";"";"OK";"OK"
"2023-01-24";"23-int";"7017";"2023-01-24 13:31:00";"2023-01-24 14:38:00";"Meran/o (Var.)";"";"";"";"Malles - Mals";"";"";"";"Doppia";"NP";"";"";"";"OK";"OK"
"2023-01-24";"23-int";"7047";"2023-01-24 14:02:00";"2023-01-24 14:55:00";"Meran/o (Var.)";"";"";"";"Malles - Mals";"";"";"";"Doppia";"NP";"";"";"";"OK";"OK"
"2023-01-24";"23-int";"7020";"2023-01-24 14:20:00";"2023-01-24 15:25:00";"Malles - Mals";"";"";"";"Meran/o (Var.)";"";"";"";"Doppia";"NP";"";"";"";"OK";"OK"
"2023-01-24";"23-int";"7019";"2023-01-24 14:35:00";"2023-01-24 15:38:00";"Meran/o (Var.)";"";"";"";"Malles - Mals";"";"";"";"Singola";"NP";"";"";"";"OK";"OK"
"2023-01-24";"23-int";"7048";"2023-01-24 15:03:00";"2023-01-24 15:57:00";"Malles - Mals";"";"";"";"Meran/o (Var.)";"";"";"";"Doppia";"NP";"";"";"";"OK";"OK"
"2023-01-24";"23-int";"7022";"2023-01-24 15:20:00";"2023-01-24 16:25:00";"Malles - Mals";"";"";"";"Meran/o (Var.)";"";"";"";"Doppia";"NP";"";"";"";"OK";"OK"
"2023-01-24";"23-int";"7021";"2023-01-24 15:31:00";"2023-01-24 16:38:00";"Meran/o (Var.)";"";"";"";"Malles - Mals";"";"";"";"Doppia";"NP";"";"";"";"OK";"OK"
"2023-01-24";"23-int";"7049";"2023-01-24 16:02:00";"2023-01-24 16:55:00";"Meran/o (Var.)";"";"";"";"Malles - Mals";"";"";"";"Singola";"NP";"";"";"";"OK";"OK"
"2023-01-24";"23-int";"7024";"2023-01-24 16:20:00";"2023-01-24 17:25:00";"Malles - Mals";"";"";"";"Meran/o (Var.)";"";"";"";"Doppia";"NP";"";"";"";"OK";"OK"
"2023-01-24";"23-int";"7023";"2023-01-24 16:35:00";"2023-01-24 17:38:00";"Meran/o (Var.)";"";"";"";"Malles - Mals";"";"";"";"Doppia";"NP";"";"";"";"OK";"OK"
"2023-01-24";"23-int";"7050";"2023-01-24 17:03:00";"2023-01-24 17:57:00";"Malles - Mals";"";"";"";"Meran/o (Var.)";"";"";"";"Singola";"NP";"";"";"";"OK";"OK"
"2023-01-24";"23-int";"7026";"2023-01-24 17:20:00";"2023-01-24 18:25:00";"Malles - Mals";"";"";"";"Meran/o (Var.)";"";"";"";"Singola";"NP";"";"";"";"OK";"OK"
"2023-01-24";"23-int";"7025";"2023-01-24 17:31:00";"2023-01-24 18:38:00";"Meran/o (Var.)";"";"";"";"Malles - Mals";"";"";"";"Doppia";"NP";"";"";"";"OK";"OK"
"2023-01-24";"23-int";"7051";"2023-01-24 18:02:00";"2023-01-24 18:55:00";"Meran/o (Var.)";"";"";"";"Malles - Mals";"";"";"";"Doppia";"NP";"";"";"";"OK";"OK"
"2023-01-24";"23-int";"7028";"2023-01-24 18:20:00";"2023-01-24 19:25:00";"Malles - Mals";"";"";"";"Meran/o (Var.)";"";"";"";"Singola";"NP";"";"";"";"OK";"OK"
"2023-01-24";"23-int";"7027";"2023-01-24 18:35:00";"2023-01-24 19:38:00";"Meran/o (Var.)";"";"";"";"Malles - Mals";"";"";"";"Singola";"NP";"";"";"";"OK";"OK"
"2023-01-24";"23-int";"7052";"2023-01-24 19:03:00";"2023-01-24 19:57:00";"Malles - Mals";"";"";"";"Meran/o (Var.)";"";"";"";"Singola";"NP";"";"";"";"OK";"OK"
"2023-01-24";"23-int";"7030";"2023-01-24 19:20:00";"2023-01-24 20:25:00";"Malles - Mals";"";"";"";"Meran/o (Var.)";"";"";"";"Singola";"NP";"";"";"";"OK";"OK"
"2023-01-24";"23-int";"7029";"2023-01-24 19:31:00";"2023-01-24 20:38:00";"Meran/o (Var.)";"";"";"";"Malles - Mals";"";"";"";"Singola";"NP";"";"";"";"OK";"OK"
"2023-01-24";"23-int";"7031";"2023-01-24 20:00:00";"2023-01-24 20:55:00";"Meran/o (Var.)";"10";"Coincidenze programmate";"+10 TEL (c) BUS SU RICHIESTA SO";"Malles - Mals";"";"";"";"Singola";"NP";"";"";"";"OK";"OK"
"2023-01-24";"23-int";"7032";"2023-01-24 20:20:00";"2023-01-24 21:25:00";"Malles - Mals";"";"";"";"Meran/o (Var.)";"";"";"";"Doppia";"NP";"";"";"";"OK";"OK"
"2023-01-24";"23-int";"7033";"2023-01-24 21:00:00";"2023-01-24 21:55:00";"Meran/o (Var.)";"";"";"";"Malles - Mals";"4";"Prolungamento sosta commerciale";"+3 STA";"Singola";"NP";"";"";"";"OK";"OK"
"2023-01-24";"23-int";"7034";"2023-01-24 21:20:00";"2023-01-24 22:25:00";"Malles - Mals";"";"";"";"Meran/o (Var.)";"";"";"";"Singola";"NP";"";"";"";"OK";"OK"
"2023-01-24";"23-int";"7035";"2023-01-24 22:00:00";"2023-01-24 22:55:00";"Meran/o (Var.)";"";"";"";"Malles - Mals";"";"";"";"Singola";"NP";"";"";"";"OK";"OK"
"2023-01-24";"23-int";"7037";"2023-01-24 23:00:00";"2023-01-24 23:55:00";"Meran/o (Var.)";"";"";"";"Malles - Mals";"";"";"";"Singola";"NP";"";"";"";"OK";"OK"
"2023-01-25";"23-int";"7000";"2023-01-25 05:18:00";"2023-01-25 06:12:00";"Malles - Mals";"";"";"";"Meran/o (Var.)";"";"";"";"Singola";"NP";"";"";"";"OK";"OK"
"2023-01-25";"23-int";"7002";"2023-01-25 05:40:00";"2023-01-25 06:37:00";"Malles - Mals";"";"";"";"Meran/o (Var.)";"";"";"";"Doppia";"NP";"";"";"";"OK";"OK"
"2023-01-25";"23-int";"7001";"2023-01-25 05:48:00";"2023-01-25 06:53:00";"Meran/o (Var.)";"";"";"";"Malles - Mals";"";"";"";"Doppia";"NP";"";"";"";"OK";"OK"
"2023-01-25";"23-int";"7004";"2023-01-25 06:16:00";"2023-01-25 07:16:00";"Malles - Mals";"";"";"";"Meran/o (Var.)";"";"";"";"Doppia";"NP";"";"";"";"OK";"OK"
"2023-01-25";"23-int";"7003";"2023-01-25 06:52:00";"2023-01-25 07:54:00";"Meran/o (Var.)";"";"";"";"Malles - Mals";"";"";"";"Doppia";"NP";"";"";"";"OK";"OK"
"2023-01-25";"23-int";"7040";"2023-01-25 07:01:00";"2023-01-25 07:57:00";"Malles - Mals";"";"";"";"Meran/o (Var.)";"";"";"";"Doppia";"NP";"";"";"";"OK";"OK"
"2023-01-25";"23-int";"7006";"2023-01-25 07:20:00";"2023-01-25 08:25:00";"Malles - Mals";"";"";"";"Meran/o (Var.)";"";"";"";"Singola";"NP";"";"";"";"OK";"OK"
"2023-01-25";"23-int";"7005";"2023-01-25 07:31:00";"2023-01-25 08:38:00";"Meran/o (Var.)";"";"";"";"Malles - Mals";"";"";"";"Doppia";"NP";"";"";"";"OK";"OK"
"2023-01-25";"23-int";"7041";"2023-01-25 08:02:00";"2023-01-25 08:55:00";"Meran/o (Var.)";"";"";"";"Malles - Mals";"";"";"";"Singola";"NP";"";"";"";"OK";"OK"
"2023-01-25";"23-int";"7008";"2023-01-25 08:20:00";"2023-01-25 09:25:00";"Malles - Mals";"";"";"";"Meran/o (Var.)";"";"";"";"Doppia";"NP";"";"";"";"OK";"OK"
"2023-01-25";"23-int";"7007";"2023-01-25 08:35:00";"2023-01-25 09:38:00";"Meran/o (Var.)";"";"";"";"Malles - Mals";"";"";"";"Singola";"NP";"";"";"";"OK";"OK"
"2023-01-25";"23-int";"7042";"2023-01-25 09:03:00";"2023-01-25 09:57:00";"Malles - Mals";"";"";"";"Meran/o (Var.)";"";"";"";"Singola";"NP";"";"";"";"OK";"OK"
"2023-01-25";"23-int";"7010";"2023-01-25 09:20:00";"2023-01-25 10:25:00";"Malles - Mals";"";"";"";"Meran/o (Var.)";"";"";"";"Doppia";"NP";"";"";"";"OK";"OK"
"2023-01-25";"23-int";"7009";"2023-01-25 09:31:00";"2023-01-25 10:38:00";"Meran/o (Var.)";"";"";"";"Malles - Mals";"";"";"";"Doppia";"NP";"";"";"";"OK";"OK"
"2023-01-25";"23-int";"7043";"2023-01-25 10:02:00";"2023-01-25 10:55:00";"Meran/o (Var.)";"";"";"";"Malles - Mals";"";"";"";"Doppia";"NP";"";"";"";"OK";"OK"
"2023-01-25";"23-int";"7012";"2023-01-25 10:20:00";"2023-01-25 11:25:00";"Malles - Mals";"";"";"";"Meran/o (Var.)";"";"";"";"Singola";"NP";"";"";"";"OK";"OK"
"2023-01-25";"23-int";"7011";"2023-01-25 10:35:00";"2023-01-25 11:38:00";"Meran/o (Var.)";"";"";"";"Malles - Mals";"";"";"";"Doppia";"NP";"";"";"";"OK";"OK"
"2023-01-25";"23-int";"7044";"2023-01-25 11:03:00";"2023-01-25 11:57:00";"Malles - Mals";"";"";"";"Meran/o (Var.)";"";"";"";"Doppia";"NP";"";"";"";"OK";"OK"
"2023-01-25";"23-int";"7014";"2023-01-25 11:20:00";"2023-01-25 12:25:00";"Malles - Mals";"";"";"";"Meran/o (Var.)";"";"";"";"Doppia";"NP";"";"";"";"OK";"OK"
"2023-01-25";"23-int";"7013";"2023-01-25 11:31:00";"2023-01-25 12:38:00";"Meran/o (Var.)";"";"";"";"Malles - Mals";"";"";"";"Singola";"NP";"";"";"";"OK";"OK"
"2023-01-25";"23-int";"7045";"2023-01-25 12:02:00";"2023-01-25 12:55:00";"Meran/o (Var.)";"";"";"";"Malles - Mals";"";"";"";"Singola";"NP";"";"";"";"OK";"OK"
"2023-01-25";"23-int";"7016";"2023-01-25 12:20:00";"2023-01-25 13:25:00";"Malles - Mals";"";"";"";"Meran/o (Var.)";"";"";"";"Doppia";"NP";"";"";"";"OK";"OK"
"2023-01-25";"23-int";"7015";"2023-01-25 12:35:00";"2023-01-25 13:38:00";"Meran/o (Var.)";"";"";"";"Malles - Mals";"";"";"";"Doppia";"NP";"";"";"";"OK";"OK"
"2023-01-25";"23-int";"7046";"2023-01-25 13:03:00";"2023-01-25 13:57:00";"Malles - Mals";"";"";"";"Meran/o (Var.)";"";"";"";"Singola";"NP";"";"";"";"OK";"OK"
"2023-01-25";"23-int";"7018";"2023-01-25 13:20:00";"2023-01-25 14:25:00";"Malles - Mals";"";"";"";"Meran/o (Var.)";"";"";"";"Singola";"NP";"";"";"";"OK";"OK"
"2023-01-25";"23-int";"7017";"2023-01-25 13:31:00";"2023-01-25 14:38:00";"Meran/o (Var.)";"";"";"";"Malles - Mals";"";"";"";"Doppia";"NP";"";"";"";"OK";"OK"
"2023-01-25";"23-int";"7047";"2023-01-25 14:02:00";"2023-01-25 14:55:00";"Meran/o (Var.)";"";"";"";"Malles - Mals";"";"";"";"Doppia";"NP";"";"";"";"OK";"OK"
"2023-01-25";"23-int";"7020";"2023-01-25 14:20:00";"2023-01-25 15:25:00";"Malles - Mals";"";"";"";"Meran/o (Var.)";"";"";"";"Doppia";"NP";"";"";"";"OK";"OK"
"2023-01-25";"23-int";"7019";"2023-01-25 14:35:00";"2023-01-25 15:38:00";"Meran/o (Var.)";"";"";"";"Malles - Mals";"";"";"";"Singola";"NP";"";"";"";"OK";"OK"
"2023-01-25";"23-int";"7048";"2023-01-25 15:03:00";"2023-01-25 15:57:00";"Malles - Mals";"";"";"";"Meran/o (Var.)";"";"";"";"Doppia";"NP";"";"";"";"OK";"OK"
"2023-01-25";"23-int";"7022";"2023-01-25 15:20:00";"2023-01-25 16:25:00";"Malles - Mals";"";"";"";"Meran/o (Var.)";"";"";"";"Doppia";"NP";"";"";"";"OK";"OK"
"2023-01-25";"23-int";"7021";"2023-01-25 15:31:00";"2023-01-25 16:38:00";"Meran/o (Var.)";"";"";"";"Malles - Mals";"";"";"";"Doppia";"NP";"";"";"";"OK";"OK"
"2023-01-25";"23-int";"7049";"2023-01-25 16:02:00";"2023-01-25 16:55:00";"Meran/o (Var.)";"";"";"";"Malles - Mals";"";"";"";"Singola";"NP";"";"";"";"OK";"OK"
"2023-01-25";"23-int";"7024";"2023-01-25 16:20:00";"2023-01-25 17:25:00";"Malles - Mals";"";"";"";"Meran/o (Var.)";"";"";"";"Doppia";"NP";"";"";"";"OK";"OK"
"2023-01-25";"23-int";"7023";"2023-01-25 16:35:00";"2023-01-25 17:38:00";"Meran/o (Var.)";"";"";"";"Malles - Mals";"";"";"";"Doppia";"NP";"";"";"";"OK";"OK"
"2023-01-25";"23-int";"7050";"2023-01-25 17:03:00";"2023-01-25 17:57:00";"Malles - Mals";"";"";"";"Meran/o (Var.)";"";"";"";"Singola";"NP";"";"";"";"OK";"OK"
"2023-01-25";"23-int";"7026";"2023-01-25 17:20:00";"2023-01-25 18:25:00";"Malles - Mals";"";"";"";"Meran/o (Var.)";"";"";"";"Singola";"NP";"";"";"";"OK";"OK"
"2023-01-25";"23-int";"7025";"2023-01-25 17:31:00";"2023-01-25 18:38:00";"Meran/o (Var.)";"";"";"";"Malles - Mals";"";"";"";"Doppia";"NP";"";"";"";"OK";"OK"
"2023-01-25";"23-int";"7051";"2023-01-25 18:02:00";"2023-01-25 18:55:00";"Meran/o (Var.)";"";"";"";"Malles - Mals";"";"";"";"Doppia";"NP";"";"";"";"OK";"OK"
"2023-01-25";"23-int";"7028";"2023-01-25 18:20:00";"2023-01-25 19:25:00";"Malles - Mals";"";"";"";"Meran/o (Var.)";"";"";"";"Singola";"NP";"";"";"";"OK";"OK"
"2023-01-25";"23-int";"7027";"2023-01-25 18:35:00";"2023-01-25 19:38:00";"Meran/o (Var.)";"";"";"";"Malles - Mals";"";"";"";"Singola";"NP";"";"";"";"OK";"OK"
"2023-01-25";"23-int";"7052";"2023-01-25 19:03:00";"2023-01-25 19:57:00";"Malles - Mals";"";"";"";"Meran/o (Var.)";"";"";"";"Singola";"NP";"";"";"";"OK";"OK"
"2023-01-25";"23-int";"7030";"2023-01-25 19:20:00";"2023-01-25 20:25:00";"Malles - Mals";"";"";"";"Meran/o (Var.)";"";"";"";"Singola";"NP";"";"";"";"OK";"OK"
"2023-01-25";"23-int";"7029";"2023-01-25 19:31:00";"2023-01-25 20:38:00";"Meran/o (Var.)";"";"";"";"Malles - Mals";"";"";"";"Singola";"NP";"";"";"";"OK";"OK"
"2023-01-25";"23-int";"7031";"2023-01-25 20:00:00";"2023-01-25 20:55:00";"Meran/o (Var.)";"";"";"";"Malles - Mals";"";"";"";"Singola";"NP";"";"";"";"OK";"OK"
"2023-01-25";"23-int";"7032";"2023-01-25 20:20:00";"2023-01-25 21:25:00";"Malles - Mals";"";"";"";"Meran/o (Var.)";"";"";"";"Doppia";"NP";"";"";"";"OK";"OK"
"2023-01-25";"23-int";"7033";"2023-01-25 21:00:00";"2023-01-25 21:55:00";"Meran/o (Var.)";"";"";"";"Malles - Mals";"";"";"";"Singola";"NP";"";"";"";"OK";"OK"
"2023-01-25";"23-int";"7034";"2023-01-25 21:20:00";"2023-01-25 22:25:00";"Malles - Mals";"";"";"";"Meran/o (Var.)";"";"";"";"Singola";"NP";"";"";"";"OK";"OK"
"2023-01-25";"23-int";"7035";"2023-01-25 22:00:00";"2023-01-25 22:55:00";"Meran/o (Var.)";"";"";"";"Malles - Mals";"";"";"";"Singola";"NP";"";"";"";"OK";"OK"
"2023-01-25";"23-int";"7037";"2023-01-25 23:00:00";"2023-01-25 23:55:00";"Meran/o (Var.)";"";"";"";"Malles - Mals";"";"";"";"Singola";"NP";"";"";"";"OK";"OK"
"2023-01-26";"23-int";"7000";"2023-01-26 05:18:00";"2023-01-26 06:12:00";"Malles - Mals";"";"";"";"Meran/o (Var.)";"";"";"";"Singola";"NP";"";"";"";"OK";"OK"
"2023-01-26";"23-int";"7002";"2023-01-26 05:40:00";"2023-01-26 06:37:00";"Malles - Mals";"";"";"";"Meran/o (Var.)";"";"";"";"Doppia";"NP";"";"";"";"OK";"OK"
"2023-01-26";"23-int";"7001";"2023-01-26 05:48:00";"2023-01-26 06:53:00";"Meran/o (Var.)";"";"";"";"Malles - Mals";"";"";"";"Doppia";"NP";"";"";"";"OK";"OK"
"2023-01-26";"23-int";"7004";"2023-01-26 06:16:00";"2023-01-26 07:16:00";"Malles - Mals";"";"";"";"Meran/o (Var.)";"";"";"";"Doppia";"NP";"";"";"";"OK";"OK"
"2023-01-26";"23-int";"7003";"2023-01-26 06:52:00";"2023-01-26 07:54:00";"Meran/o (Var.)";"";"";"";"Malles - Mals";"";"";"";"Doppia";"NP";"";"";"";"OK";"OK"
"2023-01-26";"23-int";"7040";"2023-01-26 07:01:00";"2023-01-26 07:57:00";"Malles - Mals";"";"";"";"Meran/o (Var.)";"";"";"";"Doppia";"NP";"";"";"";"OK";"OK"
"2023-01-26";"23-int";"7006";"2023-01-26 07:20:00";"2023-01-26 08:25:00";"Malles - Mals";"";"";"";"Meran/o (Var.)";"";"";"";"Singola";"NP";"";"";"";"OK";"OK"
"2023-01-26";"23-int";"7005";"2023-01-26 07:31:00";"2023-01-26 08:38:00";"Meran/o (Var.)";"";"";"";"Malles - Mals";"";"";"";"Doppia";"NP";"";"";"";"OK";"OK"
"2023-01-26";"23-int";"7041";"2023-01-26 08:02:00";"2023-01-26 08:55:00";"Meran/o (Var.)";"";"";"";"Malles - Mals";"8";"Guasto veicoli viaggiatori";"da Laces lenta corsa guasto motore ";"Singola";"NP";"";"";"";"OK";"OK"
"2023-01-26";"23-int";"7008";"2023-01-26 08:20:00";"2023-01-26 09:25:00";"Malles - Mals";"";"";"";"Meran/o (Var.)";"";"Guasto veicoli viaggiatori";"+5 x 7041 Lasa";"Doppia";"NP";"";"";"";"OK";"OK"
"2023-01-26";"23-int";"7007";"2023-01-26 08:35:00";"2023-01-26 09:38:00";"Meran/o (Var.)";"";"";"";"Malles - Mals";"2";"Guasto veicoli viaggiatori";"+3 x 7042 Lasa";"Singola";"NP";"";"";"";"OK";"OK"
"2023-01-26";"23-int";"7042";"2023-01-26 09:03:00";"2023-01-26 09:57:00";"Malles - Mals";"5";"Guasto veicoli viaggiatori";"+5 cambio materiale guasto Malles";"Meran/o (Var.)";"5";"Guasto veicoli viaggiatori";"";"Singola";"NP";"";"";"";"OK";"OK"
"2023-01-26";"23-int";"7010";"2023-01-26 09:20:00";"2023-01-26 10:25:00";"Malles - Mals";"";"";"";"Meran/o (Var.)";"3";"Guasto veicoli viaggiatori";"+5 x 7009 Laces";"Doppia";"NP";"";"";"";"OK";"OK"
"2023-01-26";"23-int";"7009";"2023-01-26 09:31:00";"2023-01-26 10:38:00";"Meran/o (Var.)";"";"";"";"Malles - Mals";"";"Guasto veicoli viaggiatori";"+6 x 7042 Stava";"Doppia";"NP";"";"";"";"OK";"OK"
"2023-01-26";"23-int";"7043";"2023-01-26 10:02:00";"2023-01-26 10:55:00";"Meran/o (Var.)";"2";"Guasto veicoli viaggiatori";"x 7042 Tel +2";"Malles - Mals";"";"";"";"Doppia";"NP";"";"";"";"OK";"OK"
"2023-01-26";"23-int";"7012";"2023-01-26 10:20:00";"2023-01-26 11:25:00";"Malles - Mals";"";"";"";"Meran/o (Var.)";"";"";"";"Singola";"NP";"";"";"";"OK";"OK"
"2023-01-26";"23-int";"7011";"2023-01-26 10:35:00";"2023-01-26 11:38:00";"Meran/o (Var.)";"";"";"";"Malles - Mals";"";"";"";"Doppia";"NP";"";"";"";"OK";"OK"
"2023-01-26";"23-int";"7044";"2023-01-26 11:03:00";"2023-01-26 11:57:00";"Malles - Mals";"";"";"";"Meran/o (Var.)";"";"";"";"Doppia";"NP";"";"";"";"OK";"OK"
"2023-01-26";"23-int";"7014";"2023-01-26 11:20:00";"2023-01-26 12:25:00";"Malles - Mals";"";"";"";"Meran/o (Var.)";"";"";"";"Doppia";"NP";"";"";"";"OK";"OK"
"2023-01-26";"23-int";"7013";"2023-01-26 11:31:00";"2023-01-26 12:38:00";"Meran/o (Var.)";"";"";"";"Malles - Mals";"";"";"";"Singola";"NP";"";"";"";"OK";"OK"
"2023-01-26";"23-int";"7045";"2023-01-26 12:02:00";"2023-01-26 12:55:00";"Meran/o (Var.)";"";"";"";"Malles - Mals";"";"";"";"Singola";"NP";"";"";"";"OK";"OK"
"2023-01-26";"23-int";"7016";"2023-01-26 12:20:00";"2023-01-26 13:25:00";"Malles - Mals";"";"";"";"Meran/o (Var.)";"";"";"";"Doppia";"NP";"";"";"";"OK";"OK"
"2023-01-26";"23-int";"7015";"2023-01-26 12:35:00";"2023-01-26 13:38:00";"Meran/o (Var.)";"";"";"";"Malles - Mals";"";"";"";"Doppia";"NP";"";"";"";"OK";"OK"
"2023-01-26";"23-int";"7046";"2023-01-26 13:03:00";"2023-01-26 13:57:00";"Malles - Mals";"";"";"";"Meran/o (Var.)";"";"";"";"Singola";"NP";"";"";"";"OK";"OK"
"2023-01-26";"23-int";"7018";"2023-01-26 13:20:00";"2023-01-26 14:25:00";"Malles - Mals";"";"";"";"Meran/o (Var.)";"";"";"";"Singola";"NP";"";"";"";"OK";"OK"
"2023-01-26";"23-int";"7017";"2023-01-26 13:31:00";"2023-01-26 14:38:00";"Meran/o (Var.)";"";"";"";"Malles - Mals";"";"";"";"Doppia";"NP";"";"";"";"OK";"OK"
"2023-01-26";"23-int";"7047";"2023-01-26 14:02:00";"2023-01-26 14:55:00";"Meran/o (Var.)";"";"";"";"Malles - Mals";"";"";"";"Doppia";"NP";"";"";"";"OK";"OK"
"2023-01-26";"23-int";"7020";"2023-01-26 14:20:00";"2023-01-26 15:25:00";"Malles - Mals";"";"";"";"Meran/o (Var.)";"";"";"";"Doppia";"NP";"";"";"";"OK";"OK"
"2023-01-26";"23-int";"7019";"2023-01-26 14:35:00";"2023-01-26 15:38:00";"Meran/o (Var.)";"";"";"";"Malles - Mals";"";"";"";"Singola";"NP";"";"";"";"OK";"OK"
"2023-01-26";"23-int";"7048";"2023-01-26 15:03:00";"2023-01-26 15:57:00";"Malles - Mals";"";"";"";"Meran/o (Var.)";"";"";"";"Doppia";"NP";"";"";"";"OK";"OK"
"2023-01-26";"23-int";"7022";"2023-01-26 15:20:00";"2023-01-26 16:25:00";"Malles - Mals";"";"";"";"Meran/o (Var.)";"";"";"";"Doppia";"NP";"";"";"";"OK";"OK"
"2023-01-26";"23-int";"7021";"2023-01-26 15:31:00";"2023-01-26 16:38:00";"Meran/o (Var.)";"";"";"";"Malles - Mals";"";"";"";"Doppia";"NP";"";"";"";"OK";"OK"
"2023-01-26";"23-int";"7049";"2023-01-26 16:02:00";"2023-01-26 16:55:00";"Meran/o (Var.)";"";"";"";"Malles - Mals";"";"";"";"Singola";"NP";"";"";"";"OK";"OK"
"2023-01-26";"23-int";"7024";"2023-01-26 16:20:00";"2023-01-26 17:25:00";"Malles - Mals";"";"";"";"Meran/o (Var.)";"";"";"";"Doppia";"NP";"";"";"";"OK";"OK"
"2023-01-26";"23-int";"7023";"2023-01-26 16:35:00";"2023-01-26 17:38:00";"Meran/o (Var.)";"";"";"";"Malles - Mals";"";"";"";"Doppia";"NP";"";"";"";"OK";"OK"
"2023-01-26";"23-int";"7050";"2023-01-26 17:03:00";"2023-01-26 17:57:00";"Malles - Mals";"";"";"";"Meran/o (Var.)";"";"";"";"Singola";"NP";"";"";"";"OK";"OK"
"2023-01-26";"23-int";"7026";"2023-01-26 17:20:00";"2023-01-26 18:25:00";"Malles - Mals";"";"";"";"Meran/o (Var.)";"";"";"";"Singola";"NP";"";"";"";"OK";"OK"
"2023-01-26";"23-int";"7025";"2023-01-26 17:31:00";"2023-01-26 18:38:00";"Meran/o (Var.)";"";"";"";"Malles - Mals";"";"";"";"Doppia";"NP";"";"";"";"OK";"OK"
"2023-01-26";"23-int";"7051";"2023-01-26 18:02:00";"2023-01-26 18:55:00";"Meran/o (Var.)";"";"";"";"Malles - Mals";"";"";"";"Doppia";"NP";"";"";"";"OK";"OK"
"2023-01-26";"23-int";"7028";"2023-01-26 18:20:00";"2023-01-26 19:25:00";"Malles - Mals";"";"";"";"Meran/o (Var.)";"";"";"";"Singola";"NP";"";"";"";"OK";"OK"
"2023-01-26";"23-int";"7027";"2023-01-26 18:35:00";"2023-01-26 19:38:00";"Meran/o (Var.)";"";"";"";"Malles - Mals";"";"";"";"Singola";"NP";"";"";"";"OK";"OK"
"2023-01-26";"23-int";"7052";"2023-01-26 19:03:00";"2023-01-26 19:57:00";"Malles - Mals";"";"";"";"Meran/o (Var.)";"";"";"";"Singola";"NP";"";"";"";"OK";"OK"
"2023-01-26";"23-int";"7030";"2023-01-26 19:20:00";"2023-01-26 20:25:00";"Malles - Mals";"";"";"";"Meran/o (Var.)";"";"";"";"Singola";"NP";"";"";"";"OK";"OK"
"2023-01-26";"23-int";"7029";"2023-01-26 19:31:00";"2023-01-26 20:38:00";"Meran/o (Var.)";"";"";"";"Malles - Mals";"";"";"";"Singola";"NP";"";"";"";"OK";"OK"
"2023-01-26";"23-int";"7031";"2023-01-26 20:00:00";"2023-01-26 20:55:00";"Meran/o (Var.)";"";"";"";"Malles - Mals";"";"";"";"Singola";"NP";"";"";"";"OK";"OK"
"2023-01-26";"23-int";"7032";"2023-01-26 20:20:00";"2023-01-26 21:25:00";"Malles - Mals";"";"";"";"Meran/o (Var.)";"";"";"";"Doppia";"NP";"";"";"";"OK";"OK"
"2023-01-26";"23-int";"7033";"2023-01-26 21:00:00";"2023-01-26 21:55:00";"Meran/o (Var.)";"";"";"";"Malles - Mals";"";"";"";"Singola";"NP";"";"";"";"OK";"OK"
"2023-01-26";"23-int";"7034";"2023-01-26 21:20:00";"2023-01-26 22:25:00";"Malles - Mals";"";"";"";"Meran/o (Var.)";"";"";"";"Singola";"NP";"";"";"";"OK";"OK"
"2023-01-26";"23-int";"7035";"2023-01-26 22:00:00";"2023-01-26 22:55:00";"Meran/o (Var.)";"";"";"";"Malles - Mals";"";"";"";"Singola";"NP";"";"";"";"OK";"OK"
"2023-01-26";"23-int";"7037";"2023-01-26 23:00:00";"2023-01-26 23:55:00";"Meran/o (Var.)";"";"";"";"Malles - Mals";"";"";"";"Singola";"NP";"";"";"";"OK";"OK"
"2023-01-27";"23-int";"7000";"2023-01-27 05:18:00";"2023-01-27 06:12:00";"Malles - Mals";"";"";"";"Meran/o (Var.)";"";"";"";"Singola";"NP";"";"";"";"OK";"OK"
"2023-01-27";"23-int";"7002";"2023-01-27 05:40:00";"2023-01-27 06:37:00";"Malles - Mals";"";"";"";"Meran/o (Var.)";"";"";"";"Doppia";"NP";"";"";"";"OK";"OK"
"2023-01-27";"23-int";"7001";"2023-01-27 05:48:00";"2023-01-27 06:53:00";"Meran/o (Var.)";"";"";"";"Malles - Mals";"";"";"";"Doppia";"NP";"";"";"";"OK";"OK"
"2023-01-27";"23-int";"7004";"2023-01-27 06:16:00";"2023-01-27 07:16:00";"Malles - Mals";"";"";"";"Meran/o (Var.)";"";"";"";"Doppia";"NP";"";"";"";"OK";"OK"
"2023-01-27";"23-int";"7003";"2023-01-27 06:52:00";"2023-01-27 07:54:00";"Meran/o (Var.)";"";"";"";"Malles - Mals";"";"";"";"Doppia";"NP";"";"";"";"OK";"OK"
"2023-01-27";"23-int";"7040";"2023-01-27 07:01:00";"2023-01-27 07:57:00";"Malles - Mals";"";"";"";"Meran/o (Var.)";"";"";"";"Doppia";"NP";"";"";"";"OK";"OK"
"2023-01-27";"23-int";"7006";"2023-01-27 07:20:00";"2023-01-27 08:25:00";"Malles - Mals";"";"";"";"Meran/o (Var.)";"";"";"";"Singola";"NP";"";"";"";"OK";"OK"
"2023-01-27";"23-int";"7005";"2023-01-27 07:31:00";"2023-01-27 08:38:00";"Meran/o (Var.)";"";"";"";"Malles - Mals";"";"";"";"Doppia";"NP";"";"";"";"OK";"OK"
"2023-01-27";"23-int";"7041";"2023-01-27 08:02:00";"2023-01-27 08:55:00";"Meran/o (Var.)";"";"";"";"Malles - Mals";"";"";"";"Singola";"NP";"";"";"";"OK";"OK"
"2023-01-27";"23-int";"7008";"2023-01-27 08:20:00";"2023-01-27 09:25:00";"Malles - Mals";"";"";"";"Meran/o (Var.)";"";"";"";"Doppia";"NP";"";"";"";"OK";"OK"
"2023-01-27";"23-int";"7007";"2023-01-27 08:35:00";"2023-01-27 09:38:00";"Meran/o (Var.)";"";"";"";"Malles - Mals";"";"";"";"Singola";"NP";"";"";"";"OK";"OK"
"2023-01-27";"23-int";"7042";"2023-01-27 09:03:00";"2023-01-27 09:57:00";"Malles - Mals";"";"";"";"Meran/o (Var.)";"";"";"";"Singola";"NP";"";"";"";"OK";"OK"
"2023-01-27";"23-int";"7010";"2023-01-27 09:20:00";"2023-01-27 10:25:00";"Malles - Mals";"";"";"";"Meran/o (Var.)";"";"";"";"Doppia";"NP";"";"";"";"OK";"OK"
"2023-01-27";"23-int";"7009";"2023-01-27 09:31:00";"2023-01-27 10:38:00";"Meran/o (Var.)";"";"";"";"Malles - Mals";"";"";"";"Doppia";"NP";"";"";"";"OK";"OK"
"2023-01-27";"23-int";"7043";"2023-01-27 10:02:00";"2023-01-27 10:55:00";"Meran/o (Var.)";"";"";"";"Malles - Mals";"";"";"";"Doppia";"NP";"";"";"";"OK";"OK"
"2023-01-27";"23-int";"7012";"2023-01-27 10:20:00";"2023-01-27 11:25:00";"Malles - Mals";"";"";"";"Meran/o (Var.)";"";"";"";"Singola";"NP";"";"";"";"OK";"OK"
"2023-01-27";"23-int";"7011";"2023-01-27 10:35:00";"2023-01-27 11:38:00";"Meran/o (Var.)";"";"";"";"Malles - Mals";"";"";"";"Doppia";"NP";"";"";"";"OK";"OK"
"2023-01-27";"23-int";"7044";"2023-01-27 11:03:00";"2023-01-27 11:57:00";"Malles - Mals";"";"";"";"Meran/o (Var.)";"";"";"";"Doppia";"NP";"";"";"";"OK";"OK"
"2023-01-27";"23-int";"7014";"2023-01-27 11:20:00";"2023-01-27 12:25:00";"Malles - Mals";"";"";"";"Meran/o (Var.)";"";"";"";"Doppia";"NP";"";"";"";"OK";"OK"
"2023-01-27";"23-int";"7013";"2023-01-27 11:31:00";"2023-01-27 12:38:00";"Meran/o (Var.)";"";"";"";"Malles - Mals";"";"";"";"Singola";"NP";"";"";"";"OK";"OK"
"2023-01-27";"23-int";"7045";"2023-01-27 12:02:00";"2023-01-27 12:55:00";"Meran/o (Var.)";"";"";"";"Malles - Mals";"";"";"";"Singola";"NP";"";"";"";"OK";"OK"
"2023-01-27";"23-int";"7016";"2023-01-27 12:20:00";"2023-01-27 13:25:00";"Malles - Mals";"";"";"";"Meran/o (Var.)";"";"";"";"Doppia";"NP";"";"";"";"OK";"OK"
"2023-01-27";"23-int";"7015";"2023-01-27 12:35:00";"2023-01-27 13:38:00";"Meran/o (Var.)";"";"";"";"Malles - Mals";"";"";"";"Doppia";"NP";"";"";"";"OK";"OK"
"2023-01-27";"23-int";"7046";"2023-01-27 13:03:00";"2023-01-27 13:57:00";"Malles - Mals";"";"";"";"Meran/o (Var.)";"";"";"";"Singola";"NP";"";"";"";"OK";"OK"
"2023-01-27";"23-int";"7018";"2023-01-27 13:20:00";"2023-01-27 14:25:00";"Malles - Mals";"";"";"";"Meran/o (Var.)";"";"";"";"Singola";"NP";"";"";"";"OK";"OK"
"2023-01-27";"23-int";"7017";"2023-01-27 13:31:00";"2023-01-27 14:38:00";"Meran/o (Var.)";"";"";"";"Malles - Mals";"";"";"";"Doppia";"NP";"";"";"";"OK";"OK"
"2023-01-27";"23-int";"7047";"2023-01-27 14:02:00";"2023-01-27 14:55:00";"Meran/o (Var.)";"";"";"";"Malles - Mals";"";"";"";"Doppia";"NP";"";"";"";"OK";"OK"
"2023-01-27";"23-int";"7020";"2023-01-27 14:20:00";"2023-01-27 15:25:00";"Malles - Mals";"";"";"";"Meran/o (Var.)";"";"";"";"Doppia";"NP";"";"";"";"OK";"OK"
"2023-01-27";"23-int";"7019";"2023-01-27 14:35:00";"2023-01-27 15:38:00";"Meran/o (Var.)";"";"";"";"Malles - Mals";"";"";"";"Singola";"NP";"";"";"";"OK";"OK"
"2023-01-27";"23-int";"7048";"2023-01-27 15:03:00";"2023-01-27 15:57:00";"Malles - Mals";"";"";"";"Meran/o (Var.)";"";"";"";"Doppia";"NP";"";"";"";"OK";"OK"
"2023-01-27";"23-int";"7022";"2023-01-27 15:20:00";"2023-01-27 16:25:00";"Malles - Mals";"";"";"";"Meran/o (Var.)";"";"";"";"Doppia";"NP";"";"";"";"OK";"OK"
"2023-01-27";"23-int";"7021";"2023-01-27 15:31:00";"2023-01-27 16:38:00";"Meran/o (Var.)";"";"";"";"Malles - Mals";"";"";"";"Doppia";"NP";"";"";"";"OK";"OK"
"2023-01-27";"23-int";"7049";"2023-01-27 16:02:00";"2023-01-27 16:55:00";"Meran/o (Var.)";"";"";"";"Malles - Mals";"";"";"";"Singola";"NP";"";"";"";"OK";"OK"
"2023-01-27";"23-int";"7024";"2023-01-27 16:20:00";"2023-01-27 17:25:00";"Malles - Mals";"";"";"";"Meran/o (Var.)";"";"";"";"Doppia";"NP";"";"";"";"OK";"OK"
"2023-01-27";"23-int";"7023";"2023-01-27 16:35:00";"2023-01-27 17:38:00";"Meran/o (Var.)";"";"";"";"Malles - Mals";"";"";"";"Doppia";"NP";"";"";"";"OK";"OK"
"2023-01-27";"23-int";"7050";"2023-01-27 17:03:00";"2023-01-27 17:57:00";"Malles - Mals";"";"";"";"Meran/o (Var.)";"";"";"";"Singola";"NP";"";"";"";"OK";"OK"
"2023-01-27";"23-int";"7026";"2023-01-27 17:20:00";"2023-01-27 18:25:00";"Malles - Mals";"";"";"";"Meran/o (Var.)";"";"";"";"Singola";"NP";"";"";"";"OK";"OK"
"2023-01-27";"23-int";"7025";"2023-01-27 17:31:00";"2023-01-27 18:38:00";"Meran/o (Var.)";"";"";"";"Malles - Mals";"";"";"";"Doppia";"NP";"";"";"";"OK";"OK"
"2023-01-27";"23-int";"7051";"2023-01-27 18:02:00";"2023-01-27 18:55:00";"Meran/o (Var.)";"";"";"";"Malles - Mals";"";"";"";"Doppia";"NP";"";"";"";"OK";"OK"
"2023-01-27";"23-int";"7028";"2023-01-27 18:20:00";"2023-01-27 19:25:00";"Malles - Mals";"14";"Guasto veicoli viaggiatori";"+14 LAC GUASTO COMPRESSORE";"Meran/o (Var.)";"";"";"";"Singola";"NP";"";"";"";"OK";"OK"
"2023-01-27";"23-int";"7027";"2023-01-27 18:35:00";"2023-01-27 19:38:00";"Meran/o (Var.)";"";"";"";"Malles - Mals";"";"";"";"Singola";"NP";"";"";"";"OK";"OK"
"2023-01-27";"23-int";"7052";"2023-01-27 19:03:00";"2023-01-27 19:57:00";"Malles - Mals";"";"";"";"Meran/o (Var.)";"";"";"";"Singola";"NP";"";"";"";"OK";"OK"
"2023-01-27";"23-int";"7030";"2023-01-27 19:20:00";"2023-01-27 20:25:00";"Malles - Mals";"";"";"";"Meran/o (Var.)";"";"";"";"Singola";"NP";"";"";"";"OK";"OK"
"2023-01-27";"23-int";"7029";"2023-01-27 19:31:00";"2023-01-27 20:38:00";"Tel - Töll";"";"";"";"Malles - Mals";"";"";"";"Singola";"NP";"S";"Guasto materiale";"";"OK";"OK"
"2023-01-27";"23-int";"7031";"2023-01-27 20:00:00";"2023-01-27 20:55:00";"Meran/o (Var.)";"";"";"";"Malles - Mals";"";"";"";"Doppia (Var.)";"NP";"";"";"";"OK";"OK"
"2023-01-27";"23-int";"7032";"2023-01-27 20:20:00";"2023-01-27 21:25:00";"Malles - Mals";"";"";"";"Meran/o (Var.)";"";"";"";"Doppia";"NP";"";"";"";"OK";"OK"
"2023-01-27";"23-int";"7033";"2023-01-27 21:00:00";"2023-01-27 21:55:00";"Meran/o (Var.)";"";"";"";"Malles - Mals";"";"";"";"Singola";"NP";"";"";"";"OK";"OK"
"2023-01-27";"23-int";"7034";"2023-01-27 21:20:00";"2023-01-27 22:25:00";"Malles - Mals";"";"";"";"Meran/o (Var.)";"";"";"";"Singola";"NP";"";"";"";"OK";"OK"
"2023-01-27";"23-int";"7035";"2023-01-27 22:00:00";"2023-01-27 22:55:00";"Meran/o (Var.)";"";"";"";"Malles - Mals";"";"";"";"Singola";"NP";"";"";"";"OK";"OK"
"2023-01-27";"23-int";"7037";"2023-01-27 23:00:00";"2023-01-27 23:55:00";"Meran/o (Var.)";"";"";"";"Malles - Mals";"20";"Guasto impianti di sicurezza";"GUASTO CDBL 411";"Singola";"NP";"";"";"";"OK";"OK"
"2023-01-28";"23-int";"7000";"2023-01-28 05:18:00";"2023-01-28 06:12:00";"Malles - Mals";"";"";"";"Meran/o (Var.)";"6";"Guasto impianti di sicurezza";"+8 Spo per partenza via impedita (M40) CDBL411 occupato";"Singola";"NP";"";"";"";"OK";"OK"
"2023-01-28";"23-int";"7002";"2023-01-28 05:40:00";"2023-01-28 06:37:00";"Malles - Mals";"";"";"";"Meran/o (Var.)";"7";"Guasto impianti di sicurezza";"+10 Spo part.via impedita (M40) CDBL411 occupato";"Doppia";"NP";"";"";"";"OK";"OK"
"2023-01-28";"23-int";"7001";"2023-01-28 05:48:00";"2023-01-28 06:53:00";"Meran/o (Var.)";"";"";"";"Malles - Mals";"";"Guasto impianti di sicurezza";"+6 Sta (x) 7000;+3 Lac (x) 7002";"Doppia";"NP";"";"";"";"OK";"OK"
"2023-01-28";"23-int";"7004";"2023-01-28 06:16:00";"2023-01-28 07:16:00";"Malles - Mals";"";"";"";"Meran/o (Var.)";"3";"Guasto impianti di sicurezza";"+7 Lasa (x) 7001";"Doppia";"NP";"";"";"";"OK";"OK"
"2023-01-28";"23-int";"7003";"2023-01-28 06:52:00";"2023-01-28 07:54:00";"Meran/o (Var.)";"";"";"";"Malles - Mals";"";"";"";"Doppia";"NP";"";"";"";"OK";"OK"
"2023-01-28";"23-int";"7040";"2023-01-28 07:01:00";"2023-01-28 07:57:00";"Malles - Mals";"";"";"";"Meran/o (Var.)";"";"";"";"Singola";"NP";"";"";"";"OK";"OK"
"2023-01-28";"23-int";"7006";"2023-01-28 07:20:00";"2023-01-28 08:25:00";"Malles - Mals";"";"";"";"Meran/o (Var.)";"";"";"";"Singola";"NP";"";"";"";"OK";"OK"
"2023-01-28";"23-int";"7005";"2023-01-28 07:31:00";"2023-01-28 08:38:00";"Meran/o (Var.)";"";"";"";"Malles - Mals";"";"";"";"Doppia";"NP";"";"";"";"OK";"OK"
"2023-01-28";"23-int";"7041";"2023-01-28 08:02:00";"2023-01-28 08:55:00";"Meran/o (Var.)";"";"";"";"Malles - Mals";"";"";"";"Singola";"NP";"";"";"";"OK";"OK"
"2023-01-28";"23-int";"7008";"2023-01-28 08:20:00";"2023-01-28 09:25:00";"Malles - Mals";"";"";"";"Meran/o (Var.)";"";"";"";"Doppia";"NP";"";"";"";"OK";"OK"
"2023-01-28";"23-int";"7007";"2023-01-28 08:35:00";"2023-01-28 09:38:00";"Meran/o (Var.)";"";"";"";"Malles - Mals";"";"";"";"Singola";"NP";"";"";"";"OK";"OK"
"2023-01-28";"23-int";"7042";"2023-01-28 09:03:00";"2023-01-28 09:57:00";"Malles - Mals";"";"";"";"Meran/o (Var.)";"";"";"";"Doppia";"NP";"";"";"";"OK";"OK"
"2023-01-28";"23-int";"7010";"2023-01-28 09:20:00";"2023-01-28 10:25:00";"Malles - Mals";"";"";"";"Meran/o (Var.)";"";"";"";"Singola";"NP";"";"";"";"OK";"OK"
"2023-01-28";"23-int";"7009";"2023-01-28 09:31:00";"2023-01-28 10:38:00";"Meran/o (Var.)";"";"";"";"Malles - Mals";"";"";"";"Singola";"NP";"";"";"";"OK";"OK"
"2023-01-28";"23-int";"7043";"2023-01-28 10:02:00";"2023-01-28 10:55:00";"Meran/o (Var.)";"";"";"";"Malles - Mals";"";"";"";"Doppia";"NP";"";"";"";"OK";"OK"
"2023-01-28";"23-int";"7012";"2023-01-28 10:20:00";"2023-01-28 11:25:00";"Malles - Mals";"";"";"";"Meran/o (Var.)";"";"";"";"Singola";"NP";"";"";"";"OK";"OK"
"2023-01-28";"23-int";"7011";"2023-01-28 10:35:00";"2023-01-28 11:38:00";"Meran/o (Var.)";"";"";"";"Malles - Mals";"";"";"";"Doppia";"NP";"";"";"";"OK";"OK"
"2023-01-28";"23-int";"7044";"2023-01-28 11:03:00";"2023-01-28 11:57:00";"Malles - Mals";"";"";"";"Meran/o (Var.)";"";"";"";"Singola";"NP";"";"";"";"OK";"OK"
"2023-01-28";"23-int";"7014";"2023-01-28 11:20:00";"2023-01-28 12:25:00";"Malles - Mals";"";"";"";"Meran/o (Var.)";"";"";"";"Doppia";"NP";"";"";"";"OK";"OK"
"2023-01-28";"23-int";"7013";"2023-01-28 11:31:00";"2023-01-28 12:38:00";"Meran/o (Var.)";"";"";"";"Malles - Mals";"";"";"";"Singola";"NP";"";"";"";"OK";"OK"
"2023-01-28";"23-int";"7045";"2023-01-28 12:02:00";"2023-01-28 12:55:00";"Meran/o (Var.)";"";"";"";"Malles - Mals";"";"";"";"Singola";"NP";"";"";"";"OK";"OK"
"2023-01-28";"23-int";"7016";"2023-01-28 12:20:00";"2023-01-28 13:25:00";"Malles - Mals";"";"";"";"Meran/o (Var.)";"";"";"";"Doppia";"NP";"";"";"";"OK";"OK"
"2023-01-28";"23-int";"7015";"2023-01-28 12:35:00";"2023-01-28 13:38:00";"Meran/o (Var.)";"";"";"";"Malles - Mals";"";"";"";"Singola";"NP";"";"";"";"OK";"OK"
"2023-01-28";"23-int";"7046";"2023-01-28 13:03:00";"2023-01-28 13:57:00";"Malles - Mals";"";"";"";"Meran/o (Var.)";"";"";"";"Singola";"NP";"";"";"";"OK";"OK"
"2023-01-28";"23-int";"7018";"2023-01-28 13:20:00";"2023-01-28 14:25:00";"Malles - Mals";"";"";"";"Meran/o (Var.)";"";"";"";"Singola";"NP";"";"";"";"OK";"OK"
"2023-01-28";"23-int";"7017";"2023-01-28 13:31:00";"2023-01-28 14:38:00";"Meran/o (Var.)";"";"";"";"Malles - Mals";"";"";"";"Doppia";"NP";"";"";"";"OK";"OK"
"2023-01-28";"23-int";"7047";"2023-01-28 14:02:00";"2023-01-28 14:55:00";"Meran/o (Var.)";"";"";"";"Malles - Mals";"";"";"";"Doppia";"NP";"";"";"";"OK";"OK"
"2023-01-28";"23-int";"7020";"2023-01-28 14:20:00";"2023-01-28 15:25:00";"Malles - Mals";"";"";"";"Meran/o (Var.)";"";"";"";"Singola";"NP";"";"";"";"OK";"OK"
"2023-01-28";"23-int";"7019";"2023-01-28 14:35:00";"2023-01-28 15:38:00";"Meran/o (Var.)";"";"";"";"Malles - Mals";"";"";"";"Singola";"NP";"";"";"";"OK";"OK"
"2023-01-28";"23-int";"7048";"2023-01-28 15:03:00";"2023-01-28 15:57:00";"Malles - Mals";"";"";"";"Meran/o (Var.)";"";"";"";"Doppia";"NP";"";"";"";"OK";"OK"
"2023-01-28";"23-int";"7022";"2023-01-28 15:20:00";"2023-01-28 16:25:00";"Malles - Mals";"";"";"";"Meran/o (Var.)";"";"";"";"Doppia";"NP";"";"";"";"OK";"OK"
"2023-01-28";"23-int";"7021";"2023-01-28 15:31:00";"2023-01-28 16:38:00";"Meran/o (Var.)";"";"";"";"Malles - Mals";"";"";"";"Singola";"NP";"";"";"";"OK";"OK"
"2023-01-28";"23-int";"7049";"2023-01-28 16:02:00";"2023-01-28 16:55:00";"Meran/o (Var.)";"";"";"";"Malles - Mals";"";"";"";"Singola";"NP";"";"";"";"OK";"OK"
"2023-01-28";"23-int";"7024";"2023-01-28 16:20:00";"2023-01-28 17:25:00";"Malles - Mals";"";"";"";"Meran/o (Var.)";"";"";"";"Singola";"NP";"";"";"";"OK";"OK"
"2023-01-28";"23-int";"7023";"2023-01-28 16:35:00";"2023-01-28 17:38:00";"Meran/o (Var.)";"";"";"";"Malles - Mals";"";"";"";"Doppia";"NP";"";"";"";"OK";"OK"
"2023-01-28";"23-int";"7050";"2023-01-28 17:03:00";"2023-01-28 17:57:00";"Malles - Mals";"";"";"";"Meran/o (Var.)";"";"";"";"Singola";"NP";"";"";"";"OK";"OK"
"2023-01-28";"23-int";"7026";"2023-01-28 17:20:00";"2023-01-28 18:25:00";"Malles - Mals";"";"";"";"Meran/o (Var.)";"";"";"";"Singola";"NP";"";"";"";"OK";"OK"
"2023-01-28";"23-int";"7025";"2023-01-28 17:31:00";"2023-01-28 18:38:00";"Meran/o (Var.)";"";"";"";"Malles - Mals";"";"";"";"Doppia";"NP";"";"";"";"OK";"OK"
"2023-01-28";"23-int";"7051";"2023-01-28 18:02:00";"2023-01-28 18:55:00";"Meran/o (Var.)";"";"";"";"Malles - Mals";"";"";"";"Singola";"NP";"";"";"";"OK";"OK"
"2023-01-28";"23-int";"7028";"2023-01-28 18:20:00";"2023-01-28 19:25:00";"Malles - Mals";"";"";"";"Meran/o (Var.)";"";"";"";"Singola";"NP";"";"";"";"OK";"OK"
"2023-01-28";"23-int";"7027";"2023-01-28 18:35:00";"2023-01-28 19:38:00";"Meran/o (Var.)";"";"";"";"Malles - Mals";"";"";"";"Singola";"NP";"";"";"";"OK";"OK"
"2023-01-28";"23-int";"7052";"2023-01-28 19:03:00";"2023-01-28 19:57:00";"Malles - Mals";"";"";"";"Meran/o (Var.)";"";"";"";"Singola";"NP";"";"";"";"OK";"OK"
"2023-01-28";"23-int";"7030";"2023-01-28 19:20:00";"2023-01-28 20:25:00";"Malles - Mals";"";"";"";"Meran/o (Var.)";"";"";"";"Singola";"NP";"";"";"";"OK";"OK"
"2023-01-28";"23-int";"7029";"2023-01-28 19:31:00";"2023-01-28 20:38:00";"Meran/o (Var.)";"";"";"";"Malles - Mals";"";"";"";"Singola";"NP";"";"";"";"OK";"OK"
"2023-01-28";"23-int";"7031";"2023-01-28 20:00:00";"2023-01-28 20:55:00";"Meran/o (Var.)";"";"";"";"Malles - Mals";"";"";"";"Singola";"NP";"";"";"";"OK";"OK"
"2023-01-28";"23-int";"7032";"2023-01-28 20:20:00";"2023-01-28 21:25:00";"Malles - Mals";"";"";"";"Meran/o (Var.)";"";"";"";"Singola";"NP";"";"";"";"OK";"OK"
"2023-01-28";"23-int";"7033";"2023-01-28 21:00:00";"2023-01-28 21:55:00";"Meran/o (Var.)";"";"";"";"Malles - Mals";"";"";"";"Singola";"NP";"";"";"";"OK";"OK"
"2023-01-28";"23-int";"7034";"2023-01-28 21:20:00";"2023-01-28 22:25:00";"Malles - Mals";"";"";"";"Meran/o (Var.)";"";"";"";"Singola";"NP";"";"";"";"OK";"OK"
"2023-01-28";"23-int";"7035";"2023-01-28 22:00:00";"2023-01-28 22:55:00";"Meran/o (Var.)";"";"";"";"Malles - Mals";"";"";"";"Singola";"NP";"";"";"";"OK";"OK"
"2023-01-28";"23-int";"7037";"2023-01-28 23:00:00";"2023-01-28 23:55:00";"Meran/o (Var.)";"";"";"";"Malles - Mals";"";"";"";"Singola";"NP";"";"";"";"OK";"OK"
"2023-01-29";"23-int";"7002";"2023-01-29 05:40:00";"2023-01-29 06:37:00";"Malles - Mals";"";"";"";"Meran/o (Var.)";"";"";"";"Doppia";"NP";"";"";"";"OK";"OK"
"2023-01-29";"23-int";"7004";"2023-01-29 06:16:00";"2023-01-29 07:16:00";"Malles - Mals";"";"";"";"Meran/o (Var.)";"";"";"";"Singola";"NP";"";"";"";"OK";"OK"
"2023-01-29";"23-int";"7003";"2023-01-29 06:52:00";"2023-01-29 07:54:00";"Meran/o (Var.)";"";"";"";"Malles - Mals";"";"";"";"Doppia";"NP";"";"";"";"OK";"OK"
"2023-01-29";"23-int";"7040";"2023-01-29 07:01:00";"2023-01-29 07:57:00";"Malles - Mals";"";"";"";"Meran/o (Var.)";"";"";"";"Doppia";"NP";"";"";"";"OK";"OK"
"2023-01-29";"23-int";"7006";"2023-01-29 07:20:00";"2023-01-29 08:25:00";"Malles - Mals";"";"";"";"Meran/o (Var.)";"";"";"";"Doppia";"NP";"";"";"";"OK";"OK"
"2023-01-29";"23-int";"7005";"2023-01-29 07:31:00";"2023-01-29 08:38:00";"Meran/o (Var.)";"";"";"";"Malles - Mals";"";"";"";"Doppia";"NP";"";"";"";"OK";"OK"
"2023-01-29";"23-int";"7041";"2023-01-29 08:02:00";"2023-01-29 08:55:00";"Meran/o (Var.)";"";"";"";"Malles - Mals";"";"";"";"Singola";"NP";"";"";"";"OK";"OK"
"2023-01-29";"23-int";"7008";"2023-01-29 08:20:00";"2023-01-29 09:25:00";"Malles - Mals";"";"";"";"Meran/o (Var.)";"";"";"";"Doppia";"NP";"";"";"";"OK";"OK"
"2023-01-29";"23-int";"7007";"2023-01-29 08:35:00";"2023-01-29 09:38:00";"Meran/o (Var.)";"";"";"";"Malles - Mals";"";"";"";"Doppia";"NP";"";"";"";"OK";"OK"
"2023-01-29";"23-int";"7042";"2023-01-29 09:03:00";"2023-01-29 09:57:00";"Malles - Mals";"";"";"";"Meran/o (Var.)";"";"";"";"Singola";"NP";"";"";"";"OK";"OK"
"2023-01-29";"23-int";"7010";"2023-01-29 09:20:00";"2023-01-29 10:25:00";"Malles - Mals";"";"";"";"Meran/o (Var.)";"";"";"";"Doppia";"NP";"";"";"";"OK";"OK"
"2023-01-29";"23-int";"7009";"2023-01-29 09:31:00";"2023-01-29 10:38:00";"Meran/o (Var.)";"";"";"";"Malles - Mals";"";"";"";"Doppia";"NP";"";"";"";"OK";"OK"
"2023-01-29";"23-int";"7043";"2023-01-29 10:02:00";"2023-01-29 10:55:00";"Meran/o (Var.)";"";"";"";"Malles - Mals";"";"";"";"Doppia";"NP";"";"";"";"OK";"OK"
"2023-01-29";"23-int";"7012";"2023-01-29 10:20:00";"2023-01-29 11:25:00";"Malles - Mals";"";"";"";"Meran/o (Var.)";"";"";"";"Doppia";"NP";"";"";"";"OK";"OK"
"2023-01-29";"23-int";"7011";"2023-01-29 10:35:00";"2023-01-29 11:38:00";"Meran/o (Var.)";"";"";"";"Malles - Mals";"";"";"";"Singola";"NP";"";"";"";"OK";"OK"
"2023-01-29";"23-int";"7044";"2023-01-29 11:03:00";"2023-01-29 11:57:00";"Malles - Mals";"";"";"";"Meran/o (Var.)";"";"";"";"Doppia";"NP";"";"";"";"OK";"OK"
"2023-01-29";"23-int";"7014";"2023-01-29 11:20:00";"2023-01-29 12:25:00";"Malles - Mals";"";"";"";"Meran/o (Var.)";"";"";"";"Doppia";"NP";"";"";"";"OK";"OK"
"2023-01-29";"23-int";"7013";"2023-01-29 11:31:00";"2023-01-29 12:38:00";"Meran/o (Var.)";"";"";"";"Malles - Mals";"";"";"";"Doppia";"NP";"";"";"";"OK";"OK"
"2023-01-29";"23-int";"7045";"2023-01-29 12:02:00";"2023-01-29 12:55:00";"Meran/o (Var.)";"";"";"";"Malles - Mals";"";"";"";"Doppia";"NP";"";"";"";"OK";"OK"
"2023-01-29";"23-int";"7016";"2023-01-29 12:20:00";"2023-01-29 13:25:00";"Malles - Mals";"";"";"";"Meran/o (Var.)";"";"";"";"Singola";"NP";"";"";"";"OK";"OK"
"2023-01-29";"23-int";"7015";"2023-01-29 12:35:00";"2023-01-29 13:38:00";"Meran/o (Var.)";"";"";"";"Malles - Mals";"";"";"";"Doppia";"NP";"";"";"";"OK";"OK"
"2023-01-29";"23-int";"7046";"2023-01-29 13:03:00";"2023-01-29 13:57:00";"Malles - Mals";"";"";"";"Meran/o (Var.)";"";"";"";"Doppia";"NP";"";"";"";"OK";"OK"
"2023-01-29";"23-int";"7018";"2023-01-29 13:20:00";"2023-01-29 14:25:00";"Malles - Mals";"";"";"";"Meran/o (Var.)";"";"";"";"Doppia";"NP";"";"";"";"OK";"OK"
"2023-01-29";"23-int";"7017";"2023-01-29 13:31:00";"2023-01-29 14:38:00";"Meran/o (Var.)";"";"";"";"Malles - Mals";"";"";"";"Doppia";"NP";"";"";"";"OK";"OK"
"2023-01-29";"23-int";"7047";"2023-01-29 14:02:00";"2023-01-29 14:55:00";"Meran/o (Var.)";"";"";"";"Malles - Mals";"";"";"";"Singola";"NP";"";"";"";"OK";"OK"
"2023-01-29";"23-int";"7020";"2023-01-29 14:20:00";"2023-01-29 15:25:00";"Malles - Mals";"";"";"";"Meran/o (Var.)";"";"";"";"Doppia";"NP";"";"";"";"OK";"OK"
"2023-01-29";"23-int";"7019";"2023-01-29 14:35:00";"2023-01-29 15:38:00";"Meran/o (Var.)";"";"";"";"Malles - Mals";"";"";"";"Doppia";"NP";"";"";"";"OK";"OK"
"2023-01-29";"23-int";"7048";"2023-01-29 15:03:00";"2023-01-29 15:57:00";"Malles - Mals";"";"";"";"Meran/o (Var.)";"";"";"";"Singola";"NP";"";"";"";"OK";"OK"
"2023-01-29";"23-int";"7022";"2023-01-29 15:20:00";"2023-01-29 16:25:00";"Malles - Mals";"";"";"";"Meran/o (Var.)";"";"";"";"Doppia";"NP";"";"";"";"OK";"OK"
"2023-01-29";"23-int";"7021";"2023-01-29 15:31:00";"2023-01-29 16:38:00";"Meran/o (Var.)";"";"";"";"Malles - Mals";"";"";"";"Doppia";"NP";"";"";"";"OK";"OK"
"2023-01-29";"23-int";"7049";"2023-01-29 16:02:00";"2023-01-29 16:55:00";"Meran/o (Var.)";"";"";"";"Malles - Mals";"";"";"";"Doppia";"NP";"";"";"";"OK";"OK"
"2023-01-29";"23-int";"7024";"2023-01-29 16:20:00";"2023-01-29 17:25:00";"Malles - Mals";"";"";"";"Meran/o (Var.)";"";"";"";"Doppia";"NP";"";"";"";"OK";"OK"
"2023-01-29";"23-int";"7023";"2023-01-29 16:35:00";"2023-01-29 17:38:00";"Meran/o (Var.)";"";"";"";"Malles - Mals";"";"";"";"Singola";"NP";"";"";"";"OK";"OK"
"2023-01-29";"23-int";"7050";"2023-01-29 17:03:00";"2023-01-29 17:57:00";"Malles - Mals";"";"";"";"Meran/o (Var.)";"";"";"";"Doppia";"NP";"";"";"";"OK";"OK"
"2023-01-29";"23-int";"7026";"2023-01-29 17:20:00";"2023-01-29 18:25:00";"Malles - Mals";"";"";"";"Meran/o (Var.)";"";"";"";"Doppia";"NP";"";"";"";"OK";"OK"
"2023-01-29";"23-int";"7025";"2023-01-29 17:31:00";"2023-01-29 18:38:00";"Meran/o (Var.)";"";"";"";"Malles - Mals";"";"";"";"Doppia";"NP";"";"";"";"OK";"OK"
"2023-01-29";"23-int";"7051";"2023-01-29 18:02:00";"2023-01-29 18:55:00";"Meran/o (Var.)";"";"";"";"Malles - Mals";"";"";"";"Doppia";"NP";"";"";"";"OK";"OK"
"2023-01-29";"23-int";"7028";"2023-01-29 18:20:00";"2023-01-29 19:25:00";"Malles - Mals";"";"";"";"Meran/o (Var.)";"";"";"";"Singola";"NP";"";"";"";"OK";"OK"
"2023-01-29";"23-int";"7027";"2023-01-29 18:35:00";"2023-01-29 19:38:00";"Meran/o (Var.)";"";"";"";"Malles - Mals";"";"";"";"Doppia";"NP";"";"";"";"OK";"OK"
"2023-01-29";"23-int";"7052";"2023-01-29 19:03:00";"2023-01-29 19:57:00";"Malles - Mals";"";"";"";"Meran/o (Var.)";"";"";"";"Doppia";"NP";"";"";"";"OK";"OK"
"2023-01-29";"23-int";"7030";"2023-01-29 19:20:00";"2023-01-29 20:25:00";"Malles - Mals";"";"";"";"Meran/o (Var.)";"";"";"";"Singola";"NP";"";"";"";"OK";"OK"
"2023-01-29";"23-int";"7029";"2023-01-29 19:31:00";"2023-01-29 20:38:00";"Meran/o (Var.)";"";"";"";"Malles - Mals";"";"";"";"Doppia";"NP";"";"";"";"OK";"OK"
"2023-01-29";"23-int";"7031";"2023-01-29 20:00:00";"2023-01-29 20:55:00";"Meran/o (Var.)";"";"";"";"Malles - Mals";"";"";"";"Singola";"NP";"";"";"";"OK";"OK"
"2023-01-29";"23-int";"7032";"2023-01-29 20:20:00";"2023-01-29 21:25:00";"Malles - Mals";"";"";"";"Meran/o (Var.)";"";"";"";"Doppia";"NP";"";"";"";"OK";"OK"
"2023-01-29";"23-int";"7033";"2023-01-29 21:00:00";"2023-01-29 21:55:00";"Meran/o (Var.)";"";"";"";"Malles - Mals";"";"";"";"Singola";"NP";"";"";"";"OK";"OK"
"2023-01-29";"23-int";"7034";"2023-01-29 21:20:00";"2023-01-29 22:25:00";"Malles - Mals";"";"";"";"Meran/o (Var.)";"";"";"";"Singola";"NP";"";"";"";"OK";"OK"
"2023-01-29";"23-int";"7035";"2023-01-29 22:00:00";"2023-01-29 22:55:00";"Meran/o (Var.)";"";"";"";"Malles - Mals";"";"";"";"Singola";"NP";"";"";"";"OK";"OK"
"2023-01-29";"23-int";"7037";"2023-01-29 23:00:00";"2023-01-29 23:55:00";"Meran/o (Var.)";"";"";"";"Malles - Mals";"";"";"";"Singola";"NP";"";"";"";"OK";"OK"
"2023-01-30";"23-int";"7000";"2023-01-30 05:18:00";"2023-01-30 06:12:00";"Malles - Mals";"";"";"";"Meran/o (Var.)";"";"";"";"Singola";"NP";"";"";"";"OK";"OK"
"2023-01-30";"23-int";"7002";"2023-01-30 05:40:00";"2023-01-30 06:37:00";"Malles - Mals";"";"";"";"Meran/o (Var.)";"";"";"";"Doppia";"NP";"";"";"";"OK";"OK"
"2023-01-30";"23-int";"7001";"2023-01-30 05:48:00";"2023-01-30 06:53:00";"Meran/o (Var.)";"";"";"";"Malles - Mals";"";"";"";"Doppia";"NP";"";"";"";"OK";"OK"
"2023-01-30";"23-int";"7004";"2023-01-30 06:16:00";"2023-01-30 07:16:00";"Malles - Mals";"";"";"";"Meran/o (Var.)";"";"";"";"Doppia";"NP";"";"";"";"OK";"OK"
"2023-01-30";"23-int";"7003";"2023-01-30 06:52:00";"2023-01-30 07:54:00";"Meran/o (Var.)";"";"";"";"Malles - Mals";"";"";"";"Doppia";"NP";"";"";"";"OK";"OK"
"2023-01-30";"23-int";"7040";"2023-01-30 07:01:00";"2023-01-30 07:57:00";"Malles - Mals";"";"";"";"Meran/o (Var.)";"";"";"";"Doppia";"NP";"";"";"";"OK";"OK"
"2023-01-30";"23-int";"7006";"2023-01-30 07:20:00";"2023-01-30 08:25:00";"Malles - Mals";"";"";"";"Meran/o (Var.)";"";"";"";"Singola";"NP";"";"";"";"OK";"OK"
"2023-01-30";"23-int";"7005";"2023-01-30 07:31:00";"2023-01-30 08:38:00";"Meran/o (Var.)";"";"";"";"Malles - Mals";"";"";"";"Doppia";"NP";"";"";"";"OK";"OK"
"2023-01-30";"23-int";"7041";"2023-01-30 08:02:00";"2023-01-30 08:55:00";"Meran/o (Var.)";"";"";"";"Malles - Mals";"";"";"";"Singola";"NP";"";"";"";"OK";"OK"
"2023-01-30";"23-int";"7008";"2023-01-30 08:20:00";"2023-01-30 09:25:00";"Malles - Mals";"";"";"";"Meran/o (Var.)";"";"";"";"Doppia";"NP";"";"";"";"OK";"OK"
"2023-01-30";"23-int";"7007";"2023-01-30 08:35:00";"2023-01-30 09:38:00";"Meran/o (Var.)";"";"";"";"Malles - Mals";"";"";"";"Singola";"NP";"";"";"";"OK";"OK"
"2023-01-30";"23-int";"7042";"2023-01-30 09:03:00";"2023-01-30 09:57:00";"Malles - Mals";"";"";"";"Meran/o (Var.)";"";"";"";"Singola";"NP";"";"";"";"OK";"OK"
"2023-01-30";"23-int";"7010";"2023-01-30 09:20:00";"2023-01-30 10:25:00";"Malles - Mals";"";"";"";"Meran/o (Var.)";"";"";"";"Doppia";"NP";"";"";"";"OK";"OK"
"2023-01-30";"23-int";"7009";"2023-01-30 09:31:00";"2023-01-30 10:38:00";"Meran/o (Var.)";"";"";"";"Malles - Mals";"";"";"";"Doppia";"NP";"";"";"";"OK";"OK"
"2023-01-30";"23-int";"7043";"2023-01-30 10:02:00";"2023-01-30 10:55:00";"Meran/o (Var.)";"";"";"";"Malles - Mals";"";"";"";"Doppia";"NP";"";"";"";"OK";"OK"
"2023-01-30";"23-int";"7012";"2023-01-30 10:20:00";"2023-01-30 11:25:00";"Malles - Mals";"";"";"";"Meran/o (Var.)";"";"";"";"Singola";"NP";"";"";"";"OK";"OK"
"2023-01-30";"23-int";"7011";"2023-01-30 10:35:00";"2023-01-30 11:38:00";"Meran/o (Var.)";"";"";"";"Malles - Mals";"";"";"";"Doppia";"NP";"";"";"";"OK";"OK"
"2023-01-30";"23-int";"7044";"2023-01-30 11:03:00";"2023-01-30 11:57:00";"Malles - Mals";"";"";"";"Meran/o (Var.)";"";"";"";"Doppia";"NP";"";"";"";"OK";"OK"
"2023-01-30";"23-int";"7014";"2023-01-30 11:20:00";"2023-01-30 12:25:00";"Malles - Mals";"";"";"";"Meran/o (Var.)";"";"";"";"Doppia";"NP";"";"";"";"OK";"OK"
"2023-01-30";"23-int";"7013";"2023-01-30 11:31:00";"2023-01-30 12:38:00";"Meran/o (Var.)";"";"";"";"Malles - Mals";"";"";"";"Singola";"NP";"";"";"";"OK";"OK"
"2023-01-30";"23-int";"7045";"2023-01-30 12:02:00";"2023-01-30 12:55:00";"Meran/o (Var.)";"";"";"";"Malles - Mals";"";"";"";"Singola";"NP";"";"";"";"OK";"OK"
"2023-01-30";"23-int";"7016";"2023-01-30 12:20:00";"2023-01-30 13:25:00";"Malles - Mals";"";"";"";"Meran/o (Var.)";"";"";"";"Doppia";"NP";"";"";"";"OK";"OK"
"2023-01-30";"23-int";"7015";"2023-01-30 12:35:00";"2023-01-30 13:38:00";"Meran/o (Var.)";"";"";"";"Malles - Mals";"";"";"";"Doppia";"NP";"";"";"";"OK";"OK"
"2023-01-30";"23-int";"7046";"2023-01-30 13:03:00";"2023-01-30 13:57:00";"Malles - Mals";"";"";"";"Meran/o (Var.)";"";"";"";"Singola";"NP";"";"";"";"OK";"OK"
"2023-01-30";"23-int";"7018";"2023-01-30 13:20:00";"2023-01-30 14:25:00";"Malles - Mals";"";"";"";"Meran/o (Var.)";"";"";"";"Singola";"NP";"";"";"";"OK";"OK"
"2023-01-30";"23-int";"7017";"2023-01-30 13:31:00";"2023-01-30 14:38:00";"Meran/o (Var.)";"";"";"";"Malles - Mals";"";"";"";"Doppia";"NP";"";"";"";"OK";"OK"
"2023-01-30";"23-int";"7047";"2023-01-30 14:02:00";"2023-01-30 14:55:00";"Meran/o (Var.)";"";"";"";"Malles - Mals";"";"";"";"Doppia";"NP";"";"";"";"OK";"OK"
"2023-01-30";"23-int";"7020";"2023-01-30 14:20:00";"2023-01-30 15:25:00";"Malles - Mals";"";"";"";"Meran/o (Var.)";"";"";"";"Doppia";"NP";"";"";"";"OK";"OK"
"2023-01-30";"23-int";"7019";"2023-01-30 14:35:00";"2023-01-30 15:38:00";"Meran/o (Var.)";"";"";"";"Malles - Mals";"";"";"";"Singola";"NP";"";"";"";"OK";"OK"
"2023-01-30";"23-int";"7048";"2023-01-30 15:03:00";"2023-01-30 15:57:00";"Malles - Mals";"";"";"";"Meran/o (Var.)";"";"";"";"Doppia";"NP";"";"";"";"OK";"OK"
"2023-01-30";"23-int";"7022";"2023-01-30 15:20:00";"2023-01-30 16:25:00";"Malles - Mals";"";"";"";"Meran/o (Var.)";"";"";"";"Doppia";"NP";"";"";"";"OK";"OK"
"2023-01-30";"23-int";"7021";"2023-01-30 15:31:00";"2023-01-30 16:38:00";"Meran/o (Var.)";"";"";"";"Malles - Mals";"";"";"";"Doppia";"NP";"";"";"";"OK";"OK"
"2023-01-30";"23-int";"7049";"2023-01-30 16:02:00";"2023-01-30 16:55:00";"Meran/o (Var.)";"";"";"";"Malles - Mals";"";"";"";"Singola";"NP";"";"";"";"OK";"OK"
"2023-01-30";"23-int";"7024";"2023-01-30 16:20:00";"2023-01-30 17:25:00";"Malles - Mals";"";"";"";"Meran/o (Var.)";"";"";"";"Doppia";"NP";"";"";"";"OK";"OK"
"2023-01-30";"23-int";"7023";"2023-01-30 16:35:00";"2023-01-30 17:38:00";"Meran/o (Var.)";"";"";"";"Malles - Mals";"";"";"";"Doppia";"NP";"";"";"";"OK";"OK"
"2023-01-30";"23-int";"7050";"2023-01-30 17:03:00";"2023-01-30 17:57:00";"Malles - Mals";"";"";"";"Meran/o (Var.)";"";"";"";"Singola";"NP";"";"";"";"OK";"OK"
"2023-01-30";"23-int";"7026";"2023-01-30 17:20:00";"2023-01-30 18:25:00";"Malles - Mals";"";"";"";"Meran/o (Var.)";"";"";"";"Singola";"NP";"";"";"";"OK";"OK"
"2023-01-30";"23-int";"7025";"2023-01-30 17:31:00";"2023-01-30 18:38:00";"Meran/o (Var.)";"";"";"";"Malles - Mals";"";"";"";"Doppia";"NP";"";"";"";"OK";"OK"
"2023-01-30";"23-int";"7051";"2023-01-30 18:02:00";"2023-01-30 18:55:00";"Meran/o (Var.)";"";"";"";"Malles - Mals";"";"";"";"Doppia";"NP";"";"";"";"OK";"OK"
"2023-01-30";"23-int";"7028";"2023-01-30 18:20:00";"2023-01-30 19:25:00";"Malles - Mals";"";"";"";"Meran/o (Var.)";"";"";"";"Singola";"NP";"";"";"";"OK";"OK"
"2023-01-30";"23-int";"7027";"2023-01-30 18:35:00";"2023-01-30 19:38:00";"Meran/o (Var.)";"";"";"";"Malles - Mals";"";"";"";"Singola";"NP";"";"";"";"OK";"OK"
"2023-01-30";"23-int";"7052";"2023-01-30 19:03:00";"2023-01-30 19:57:00";"Malles - Mals";"";"";"";"Meran/o (Var.)";"";"";"";"Singola";"NP";"";"";"";"OK";"OK"
"2023-01-30";"23-int";"7030";"2023-01-30 19:20:00";"2023-01-30 20:25:00";"Malles - Mals";"";"";"";"Meran/o (Var.)";"";"";"";"Singola";"NP";"";"";"";"OK";"OK"
"2023-01-30";"23-int";"7029";"2023-01-30 19:31:00";"2023-01-30 20:38:00";"Meran/o (Var.)";"";"";"";"Malles - Mals";"";"";"";"Singola";"NP";"";"";"";"OK";"OK"
"2023-01-30";"23-int";"7031";"2023-01-30 20:00:00";"2023-01-30 20:55:00";"Meran/o (Var.)";"";"";"";"Malles - Mals";"";"";"";"Singola";"NP";"";"";"";"OK";"OK"
"2023-01-30";"23-int";"7032";"2023-01-30 20:20:00";"2023-01-30 21:25:00";"Malles - Mals";"";"";"";"Meran/o (Var.)";"";"";"";"Doppia";"NP";"";"";"";"OK";"OK"
"2023-01-30";"23-int";"7033";"2023-01-30 21:00:00";"2023-01-30 21:55:00";"Meran/o (Var.)";"";"";"";"Malles - Mals";"";"";"";"Singola";"NP";"";"";"";"OK";"OK"
"2023-01-30";"23-int";"7034";"2023-01-30 21:20:00";"2023-01-30 22:25:00";"Malles - Mals";"";"";"";"Meran/o (Var.)";"";"";"";"Singola";"NP";"";"";"";"OK";"OK"
"2023-01-30";"23-int";"7035";"2023-01-30 22:00:00";"2023-01-30 22:55:00";"Meran/o (Var.)";"";"";"";"Malles - Mals";"";"";"";"Singola";"NP";"";"";"";"OK";"OK"
"2023-01-30";"23-int";"7037";"2023-01-30 23:00:00";"2023-01-30 23:55:00";"Meran/o (Var.)";"";"";"";"Malles - Mals";"";"";"";"Singola";"NP";"";"";"";"OK";"OK"
"2023-01-31";"23-int";"7000";"2023-01-31 05:18:00";"2023-01-31 06:12:00";"Malles - Mals";"";"";"";"Meran/o (Var.)";"";"";"";"Singola";"NP";"";"";"";"OK";"OK"
"2023-01-31";"23-int";"7002";"2023-01-31 05:40:00";"2023-01-31 06:37:00";"Malles - Mals";"";"";"";"Meran/o (Var.)";"";"";"";"Doppia";"NP";"";"";"";"OK";"OK"
"2023-01-31";"23-int";"7001";"2023-01-31 05:48:00";"2023-01-31 06:53:00";"Meran/o (Var.)";"";"";"";"Malles - Mals";"4";"Autorità";"+5 Lasa (x) 7004";"Doppia";"NP";"";"";"";"OK";"OK"
"2023-01-31";"23-int";"7004";"2023-01-31 06:16:00";"2023-01-31 07:16:00";"Malles - Mals";"6";"Autorità";"+6 in partenza per controllo CC sul treno";"Meran/o (Var.)";"";"";"";"Doppia";"NP";"";"";"";"OK";"OK"
"2023-01-31";"23-int";"7003";"2023-01-31 06:52:00";"2023-01-31 07:54:00";"Meran/o (Var.)";"";"";"";"Malles - Mals";"";"";"";"Doppia";"NP";"";"";"";"OK";"OK"
"2023-01-31";"23-int";"7040";"2023-01-31 07:01:00";"2023-01-31 07:57:00";"Malles - Mals";"";"";"";"Meran/o (Var.)";"";"";"";"Doppia";"NP";"";"";"";"OK";"OK"
"2023-01-31";"23-int";"7006";"2023-01-31 07:20:00";"2023-01-31 08:25:00";"Malles - Mals";"";"";"";"Meran/o (Var.)";"";"";"";"Singola";"NP";"";"";"";"OK";"OK"
"2023-01-31";"23-int";"7005";"2023-01-31 07:31:00";"2023-01-31 08:38:00";"Meran/o (Var.)";"";"";"";"Malles - Mals";"";"";"";"Doppia";"NP";"";"";"";"OK";"OK"
"2023-01-31";"23-int";"7041";"2023-01-31 08:02:00";"2023-01-31 08:55:00";"Meran/o (Var.)";"";"";"";"Malles - Mals";"";"";"";"Singola";"NP";"";"";"";"OK";"OK"
"2023-01-31";"23-int";"7008";"2023-01-31 08:20:00";"2023-01-31 09:25:00";"Malles - Mals";"";"";"";"Meran/o (Var.)";"";"";"";"Doppia";"NP";"";"";"";"OK";"OK"
"2023-01-31";"23-int";"7007";"2023-01-31 08:35:00";"2023-01-31 09:38:00";"Meran/o (Var.)";"";"";"";"Malles - Mals";"";"";"";"Singola";"NP";"";"";"";"OK";"OK"
"2023-01-31";"23-int";"7042";"2023-01-31 09:03:00";"2023-01-31 09:57:00";"Malles - Mals";"";"";"";"Meran/o (Var.)";"";"";"";"Singola";"NP";"";"";"";"OK";"OK"
"2023-01-31";"23-int";"7010";"2023-01-31 09:20:00";"2023-01-31 10:25:00";"Malles - Mals";"";"";"";"Meran/o (Var.)";"";"";"";"Doppia";"NP";"";"";"";"OK";"OK"
"2023-01-31";"23-int";"7009";"2023-01-31 09:31:00";"2023-01-31 10:38:00";"Meran/o (Var.)";"";"";"";"Malles - Mals";"";"";"";"Doppia";"NP";"";"";"";"OK";"OK"
"2023-01-31";"23-int";"7043";"2023-01-31 10:02:00";"2023-01-31 10:55:00";"Meran/o (Var.)";"";"";"";"Malles - Mals";"";"";"";"Doppia";"NP";"";"";"";"OK";"OK"
"2023-01-31";"23-int";"7012";"2023-01-31 10:20:00";"2023-01-31 11:25:00";"Malles - Mals";"";"";"";"Meran/o (Var.)";"";"";"";"Singola";"NP";"";"";"";"OK";"OK"
"2023-01-31";"23-int";"7011";"2023-01-31 10:35:00";"2023-01-31 11:38:00";"Meran/o (Var.)";"";"";"";"Malles - Mals";"";"";"";"Doppia";"NP";"";"";"";"OK";"OK"
"2023-01-31";"23-int";"7044";"2023-01-31 11:03:00";"2023-01-31 11:57:00";"Malles - Mals";"";"";"";"Meran/o (Var.)";"";"";"";"Doppia";"NP";"";"";"";"OK";"OK"
"2023-01-31";"23-int";"7014";"2023-01-31 11:20:00";"2023-01-31 12:25:00";"Malles - Mals";"";"";"";"Meran/o (Var.)";"6";"Guasto PL";"+4 x 7045 Stava +2 MaV pl 10";"Doppia";"NP";"";"";"";"OK";"OK"
"2023-01-31";"23-int";"7013";"2023-01-31 11:31:00";"2023-01-31 12:38:00";"Meran/o (Var.)";"";"";"";"Malles - Mals";"";"";"";"Singola";"NP";"";"";"";"OK";"OK"
"2023-01-31";"23-int";"7045";"2023-01-31 12:02:00";"2023-01-31 12:55:00";"Meran/o (Var.)";"";"";"";"Malles - Mals";"6";"Guasto PL";"+7 guasto pl 10 Naturno";"Singola";"NP";"";"";"";"OK";"OK"
"2023-01-31";"23-int";"7016";"2023-01-31 12:20:00";"2023-01-31 13:25:00";"Malles - Mals";"";"";"";"Meran/o (Var.)";"";"Guasto PL";"+6 x 7045 Lasa";"Doppia";"NP";"";"";"";"OK";"OK"
"2023-01-31";"23-int";"7015";"2023-01-31 12:35:00";"2023-01-31 13:38:00";"Meran/o (Var.)";"";"";"";"Malles - Mals";"5";"Guasto PL";"+2 MaV pl 10 +3 x 7016 Laces +6 x 7046 Lasa";"Doppia";"NP";"";"";"";"OK";"OK"
"2023-01-31";"23-int";"7046";"2023-01-31 13:03:00";"2023-01-31 13:57:00";"Malles - Mals";"7";"Guasto PL";"ant 7045";"Meran/o (Var.)";"7";"Guasto PL";"ant 7045";"Singola";"NP";"";"";"";"OK";"OK"
"2023-01-31";"23-int";"7018";"2023-01-31 13:20:00";"2023-01-31 14:25:00";"Malles - Mals";"";"";"";"Meran/o (Var.)";"";"Guasto PL";"+5 x 7015 Lasa +5 x 7017 Laces";"Singola";"NP";"";"";"";"OK";"OK"
"2023-01-31";"23-int";"7017";"2023-01-31 13:31:00";"2023-01-31 14:38:00";"Meran/o (Var.)";"";"";"";"Malles - Mals";"1";"Guasto PL";"+7 x 7046 Stava";"Doppia";"NP";"";"";"";"OK";"OK"
"2023-01-31";"23-int";"7047";"2023-01-31 14:02:00";"2023-01-31 14:55:00";"Meran/o (Var.)";"";"";"";"Malles - Mals";"";"";"";"Doppia";"NP";"";"";"";"OK";"OK"
"2023-01-31";"23-int";"7020";"2023-01-31 14:20:00";"2023-01-31 15:25:00";"Malles - Mals";"";"";"";"Meran/o (Var.)";"";"";"";"Doppia";"NP";"";"";"";"OK";"OK"
"2023-01-31";"23-int";"7019";"2023-01-31 14:35:00";"2023-01-31 15:38:00";"Meran/o (Var.)";"";"";"";"Malles - Mals";"";"";"";"Singola";"NP";"";"";"";"OK";"OK"
"2023-01-31";"23-int";"7048";"2023-01-31 15:03:00";"2023-01-31 15:57:00";"Malles - Mals";"";"";"";"Meran/o (Var.)";"";"";"";"Doppia";"NP";"";"";"";"OK";"OK"
"2023-01-31";"23-int";"7022";"2023-01-31 15:20:00";"2023-01-31 16:25:00";"Malles - Mals";"";"";"";"Meran/o (Var.)";"";"";"";"Doppia";"NP";"";"";"";"OK";"OK"
"2023-01-31";"23-int";"7021";"2023-01-31 15:31:00";"2023-01-31 16:38:00";"Meran/o (Var.)";"";"";"";"Malles - Mals";"";"";"";"Doppia";"NP";"";"";"";"OK";"OK"
"2023-01-31";"23-int";"7049";"2023-01-31 16:02:00";"2023-01-31 16:55:00";"Meran/o (Var.)";"";"";"";"Malles - Mals";"";"";"";"Singola";"NP";"";"";"";"OK";"OK"
"2023-01-31";"23-int";"7024";"2023-01-31 16:20:00";"2023-01-31 17:25:00";"Malles - Mals";"";"";"";"Meran/o (Var.)";"";"";"";"Doppia";"NP";"";"";"";"OK";"OK"
"2023-01-31";"23-int";"7023";"2023-01-31 16:35:00";"2023-01-31 17:38:00";"Meran/o (Var.)";"";"";"";"Malles - Mals";"";"";"";"Doppia";"NP";"";"";"";"OK";"OK"
"2023-01-31";"23-int";"7050";"2023-01-31 17:03:00";"2023-01-31 17:57:00";"Malles - Mals";"";"";"";"Meran/o (Var.)";"";"";"";"Singola";"NP";"";"";"";"OK";"OK"
"2023-01-31";"23-int";"7026";"2023-01-31 17:20:00";"2023-01-31 18:25:00";"Malles - Mals";"";"";"";"Meran/o (Var.)";"";"";"";"Singola";"NP";"";"";"";"OK";"OK"
"2023-01-31";"23-int";"7025";"2023-01-31 17:31:00";"2023-01-31 18:38:00";"Meran/o (Var.)";"";"";"";"Malles - Mals";"";"";"";"Doppia";"NP";"";"";"";"OK";"OK"
"2023-01-31";"23-int";"7051";"2023-01-31 18:02:00";"2023-01-31 18:55:00";"Meran/o (Var.)";"";"";"";"Malles - Mals";"";"";"";"Doppia";"NP";"";"";"";"OK";"OK"
"2023-01-31";"23-int";"7028";"2023-01-31 18:20:00";"2023-01-31 19:25:00";"Malles - Mals";"";"";"";"Meran/o (Var.)";"";"";"";"Singola";"NP";"";"";"";"OK";"OK"
"2023-01-31";"23-int";"7027";"2023-01-31 18:35:00";"2023-01-31 19:38:00";"Meran/o (Var.)";"";"";"";"Malles - Mals";"";"";"";"Singola";"NP";"";"";"";"OK";"OK"
"2023-01-31";"23-int";"7052";"2023-01-31 19:03:00";"2023-01-31 19:57:00";"Malles - Mals";"";"";"";"Meran/o (Var.)";"";"";"";"Singola";"NP";"";"";"";"OK";"OK"
"2023-01-31";"23-int";"7030";"2023-01-31 19:20:00";"2023-01-31 20:25:00";"Malles - Mals";"";"";"";"Meran/o (Var.)";"";"";"";"Singola";"NP";"";"";"";"OK";"OK"
"2023-01-31";"23-int";"7029";"2023-01-31 19:31:00";"2023-01-31 20:38:00";"Meran/o (Var.)";"";"";"";"Malles - Mals";"";"";"";"Singola";"NP";"";"";"";"OK";"OK"
"2023-01-31";"23-int";"7031";"2023-01-31 20:00:00";"2023-01-31 20:55:00";"Meran/o (Var.)";"";"";"";"Malles - Mals";"";"";"";"Singola";"NP";"";"";"";"OK";"OK"
"2023-01-31";"23-int";"7032";"2023-01-31 20:20:00";"2023-01-31 21:25:00";"Malles - Mals";"";"";"";"Meran/o (Var.)";"";"";"";"Doppia";"NP";"";"";"";"OK";"OK"
"2023-01-31";"23-int";"7033";"2023-01-31 21:00:00";"2023-01-31 21:55:00";"Meran/o (Var.)";"";"";"";"Malles - Mals";"";"";"";"Singola";"NP";"";"";"";"OK";"OK"
"2023-01-31";"23-int";"7034";"2023-01-31 21:20:00";"2023-01-31 22:25:00";"Malles - Mals";"";"";"";"Meran/o (Var.)";"";"";"";"Singola";"NP";"";"";"";"OK";"OK"
"2023-01-31";"23-int";"7035";"2023-01-31 22:00:00";"2023-01-31 22:55:00";"Meran/o (Var.)";"";"";"";"Malles - Mals";"";"";"";"Singola";"NP";"";"";"";"OK";"OK"
"2023-01-31";"23-int";"7037";"2023-01-31 23:00:00";"2023-01-31 23:55:00";"Meran/o (Var.)";"";"";"";"Malles - Mals";"";"";"";"Singola";"NP";"";"";"";"OK";"OK"
